crisis_name,article_count,top_by_total,top_by_average,outlet
Gaza and the Occupied Palestinian Territories,408,"{""ceasefire"": 202, ""humanitarian aid"": 123, ""genocide"": 112, ""victim"": 97, ""terrorism"": 97, ""refugees"": 88, ""human rights"": 64, ""occupation"": 54, ""casualties"": 52, ""war crimes"": 43, ""humanitarian crisis"": 39, ""propaganda"": 23, ""displacement"": 22, ""disinformation"": 20, ""sanctions"": 18, ""ethnic cleansing"": 12, ""sovereignty"": 8, ""energy security"": 4, ""aggressor"": 3, ""peace talks"": 3, ""civilian impact"": 3, ""peace negotiations"": 1, ""economic impact"": 1, ""international intervention"": 0, ""military strategy"": 0, ""political consequences"": 0, ""global condemnation"": 0, ""security implications"": 0}","{""ceasefire"": 0.4950980392156863, ""humanitarian aid"": 0.3014705882352941, ""genocide"": 0.27450980392156865, ""victim"": 0.23774509803921567, ""terrorism"": 0.23774509803921567, ""refugees"": 0.21568627450980393, ""human rights"": 0.1568627450980392, ""occupation"": 0.1323529411764706, ""casualties"": 0.12745098039215685, ""war crimes"": 0.1053921568627451}",USA Today
Ukraine,258,"{""sanctions"": 418, ""refugees"": 169, ""casualties"": 42, ""war crimes"": 42, ""victim"": 40, ""disinformation"": 36, ""human rights"": 35, ""humanitarian aid"": 35, ""propaganda"": 21, ""sovereignty"": 19, ""genocide"": 18, ""peace talks"": 16, ""aggressor"": 13, ""occupation"": 13, ""displacement"": 7, ""ceasefire"": 4, ""humanitarian crisis"": 2, ""global condemnation"": 2, ""terrorism"": 2, ""economic impact"": 2, ""military strategy"": 1, ""peace negotiations"": 1, ""international intervention"": 0, ""political consequences"": 0, ""civilian impact"": 0, ""ethnic cleansing"": 0, ""security implications"": 0, ""energy security"": 0}","{""sanctions"": 1.62015503875969, ""refugees"": 0.6550387596899225, ""casualties"": 0.16279069767441862, ""war crimes"": 0.16279069767441862, ""victim"": 0.15503875968992248, ""disinformation"": 0.13953488372093023, ""human rights"": 0.13565891472868216, ""humanitarian aid"": 0.13565891472868216, ""propaganda"": 0.08139534883720931, ""sovereignty"": 0.07364341085271318}",USA Today
Gaza and the Occupied Palestinian Territories,1069,"{""ceasefire"": 2672, ""humanitarian aid"": 815, ""casualties"": 645, ""refugees"": 598, ""human rights"": 501, ""genocide"": 399, ""humanitarian crisis"": 363, ""victim"": 354, ""occupation"": 289, ""displacement"": 248, ""terrorism"": 234, ""war crimes"": 186, ""sanctions"": 175, ""sovereignty"": 56, ""propaganda"": 48, ""ethnic cleansing"": 42, ""peace talks"": 24, ""disinformation"": 24, ""aggressor"": 11, ""military strategy"": 10, ""global condemnation"": 7, ""political consequences"": 4, ""international intervention"": 2, ""peace negotiations"": 2, ""economic impact"": 1, ""civilian impact"": 0, ""security implications"": 0, ""energy security"": 0}","{""ceasefire"": 2.499532273152479, ""humanitarian aid"": 0.7623947614593077, ""casualties"": 0.6033676333021516, ""refugees"": 0.5594013096351731, ""human rights"": 0.4686623012160898, ""genocide"": 0.37324602432179604, ""humanitarian crisis"": 0.33956969130028064, ""victim"": 0.33115060804490176, ""occupation"": 0.27034611786716556, ""displacement"": 0.23199251637043966}",CNN
Ukraine,1389,"{""sanctions"": 2208, ""refugees"": 1033, ""war crimes"": 630, ""casualties"": 581, ""ceasefire"": 561, ""human rights"": 538, ""occupation"": 355, ""humanitarian aid"": 287, ""victim"": 276, ""genocide"": 253, ""sovereignty"": 238, ""propaganda"": 212, ""disinformation"": 126, ""terrorism"": 111, ""humanitarian crisis"": 101, ""aggressor"": 92, ""peace talks"": 83, ""displacement"": 63, ""peace negotiations"": 25, ""energy security"": 22, ""ethnic cleansing"": 16, ""military strategy"": 15, ""global condemnation"": 11, ""economic impact"": 6, ""security implications"": 3, ""international intervention"": 0, ""political consequences"": 0, ""civilian impact"": 0}","{""sanctions"": 1.5896328293736501, ""refugees"": 0.7437005039596832, ""war crimes"": 0.4535637149028078, ""casualties"": 0.41828653707703384, ""ceasefire"": 0.4038876889848812, ""human rights"": 0.3873290136789057, ""occupation"": 0.25557955363570917, ""humanitarian aid"": 0.2066234701223902, ""victim"": 0.19870410367170627, ""genocide"": 0.18214542836573075}",CNN
Gaza and the Occupied Palestinian Territories,1575,"{""ceasefire"": 3701, ""human rights"": 823, ""refugees"": 598, ""genocide"": 594, ""humanitarian aid"": 594, ""occupation"": 540, ""casualties"": 437, ""war crimes"": 379, ""sanctions"": 363, ""victim"": 320, ""terrorism"": 304, ""displacement"": 301, ""ethnic cleansing"": 246, ""humanitarian crisis"": 189, ""propaganda"": 63, ""sovereignty"": 43, ""peace talks"": 27, ""disinformation"": 25, ""military strategy"": 17, ""aggressor"": 10, ""peace negotiations"": 9, ""global condemnation"": 6, ""international intervention"": 4, ""energy security"": 3, ""economic impact"": 3, ""civilian impact"": 1, ""security implications"": 1, ""political consequences"": 0}","{""ceasefire"": 2.34984126984127, ""human rights"": 0.5225396825396825, ""refugees"": 0.3796825396825397, ""genocide"": 0.37714285714285717, ""humanitarian aid"": 0.37714285714285717, ""occupation"": 0.34285714285714286, ""casualties"": 0.27746031746031746, ""war crimes"": 0.24063492063492065, ""sanctions"": 0.23047619047619047, ""victim"": 0.20317460317460317}",The Guardian
Ukraine,505,"{""sanctions"": 397, ""refugees"": 154, ""ceasefire"": 151, ""human rights"": 139, ""victim"": 99, ""casualties"": 80, ""war crimes"": 76, ""occupation"": 71, ""propaganda"": 51, ""humanitarian aid"": 50, ""genocide"": 47, ""terrorism"": 34, ""peace talks"": 28, ""disinformation"": 27, ""aggressor"": 26, ""sovereignty"": 22, ""displacement"": 18, ""humanitarian crisis"": 12, ""ethnic cleansing"": 10, ""peace negotiations"": 5, ""global condemnation"": 4, ""energy security"": 3, ""international intervention"": 2, ""security implications"": 2, ""military strategy"": 1, ""political consequences"": 1, ""economic impact"": 1, ""civilian impact"": 0}","{""sanctions"": 0.7861386138613862, ""refugees"": 0.30495049504950494, ""ceasefire"": 0.299009900990099, ""human rights"": 0.27524752475247527, ""victim"": 0.19603960396039605, ""casualties"": 0.15841584158415842, ""war crimes"": 0.1504950495049505, ""occupation"": 0.1405940594059406, ""propaganda"": 0.100990099009901, ""humanitarian aid"": 0.09900990099009901}",The Guardian
Gaza and the Occupied Palestinian Territories,142,"{""ceasefire"": 5, ""humanitarian crisis"": 2, ""international intervention"": 2, ""genocide"": 2, ""sovereignty"": 2, ""sanctions"": 2, ""terrorism"": 2, ""humanitarian aid"": 2, ""occupation"": 2, ""war crimes"": 1, ""peace talks"": 1, ""ethnic cleansing"": 1, ""casualties"": 0, ""human rights"": 0, ""aggressor"": 0, ""victim"": 0, ""refugees"": 0, ""military strategy"": 0, ""political consequences"": 0, ""displacement"": 0, ""peace negotiations"": 0, ""global condemnation"": 0, ""disinformation"": 0, ""civilian impact"": 0, ""propaganda"": 0, ""security implications"": 0, ""energy security"": 0, ""economic impact"": 0}","{""ceasefire"": 0.035211267605633804, ""humanitarian crisis"": 0.014084507042253521, ""international intervention"": 0.014084507042253521, ""genocide"": 0.014084507042253521, ""sovereignty"": 0.014084507042253521, ""sanctions"": 0.014084507042253521, ""terrorism"": 0.014084507042253521, ""humanitarian aid"": 0.014084507042253521, ""occupation"": 0.014084507042253521, ""war crimes"": 0.007042253521126761}",RT
Ukraine,88,"{""victim"": 10, ""terrorism"": 10, ""peace talks"": 7, ""sanctions"": 7, ""ceasefire"": 4, ""refugees"": 4, ""ethnic cleansing"": 4, ""casualties"": 3, ""sovereignty"": 3, ""propaganda"": 3, ""human rights"": 2, ""war crimes"": 2, ""genocide"": 2, ""disinformation"": 2, ""humanitarian aid"": 2, ""occupation"": 2, ""aggressor"": 1, ""peace negotiations"": 1, ""energy security"": 1, ""humanitarian crisis"": 0, ""international intervention"": 0, ""military strategy"": 0, ""political consequences"": 0, ""displacement"": 0, ""global condemnation"": 0, ""civilian impact"": 0, ""security implications"": 0, ""economic impact"": 0}","{""victim"": 0.11363636363636363, ""terrorism"": 0.11363636363636363, ""peace talks"": 0.07954545454545454, ""sanctions"": 0.07954545454545454, ""ceasefire"": 0.045454545454545456, ""refugees"": 0.045454545454545456, ""ethnic cleansing"": 0.045454545454545456, ""casualties"": 0.03409090909090909, ""sovereignty"": 0.03409090909090909, ""propaganda"": 0.03409090909090909}",RT
Gaza and the Occupied Palestinian Territories,827,"{""ceasefire"": 1092, ""genocide"": 326, ""human rights"": 283, ""occupation"": 179, ""humanitarian aid"": 168, ""refugees"": 164, ""victim"": 156, ""casualties"": 145, ""displacement"": 105, ""war crimes"": 80, ""terrorism"": 80, ""sanctions"": 62, ""humanitarian crisis"": 59, ""ethnic cleansing"": 39, ""propaganda"": 19, ""sovereignty"": 18, ""peace talks"": 11, ""disinformation"": 7, ""aggressor"": 3, ""peace negotiations"": 2, ""global condemnation"": 1, ""economic impact"": 1, ""international intervention"": 0, ""military strategy"": 0, ""political consequences"": 0, ""civilian impact"": 0, ""security implications"": 0, ""energy security"": 0}","{""ceasefire"": 1.32043530834341, ""genocide"": 0.3941958887545345, ""human rights"": 0.3422007255139057, ""occupation"": 0.21644498186215236, ""humanitarian aid"": 0.20314389359129384, ""refugees"": 0.19830713422007254, ""victim"": 0.18863361547763, ""casualties"": 0.17533252720677148, ""displacement"": 0.12696493349455865, ""war crimes"": 0.09673518742442563}",CBC (Canadian Broadcasting Corporation)
Ukraine,271,"{""sanctions"": 201, ""refugees"": 144, ""war crimes"": 58, ""human rights"": 53, ""occupation"": 39, ""casualties"": 30, ""victim"": 25, ""propaganda"": 23, ""humanitarian aid"": 19, ""ceasefire"": 16, ""disinformation"": 16, ""terrorism"": 13, ""peace talks"": 12, ""sovereignty"": 12, ""humanitarian crisis"": 8, ""aggressor"": 7, ""displacement"": 6, ""genocide"": 5, ""peace negotiations"": 2, ""energy security"": 2, ""military strategy"": 1, ""economic impact"": 1, ""international intervention"": 0, ""political consequences"": 0, ""global condemnation"": 0, ""civilian impact"": 0, ""ethnic cleansing"": 0, ""security implications"": 0}","{""sanctions"": 0.7416974169741697, ""refugees"": 0.5313653136531366, ""war crimes"": 0.2140221402214022, ""human rights"": 0.19557195571955718, ""occupation"": 0.14391143911439114, ""casualties"": 0.11070110701107011, ""victim"": 0.09225092250922509, ""propaganda"": 0.08487084870848709, ""humanitarian aid"": 0.07011070110701106, ""ceasefire"": 0.05904059040590406}",CBC (Canadian Broadcasting Corporation)
Gaza and the Occupied Palestinian Territories,1430,"{""ceasefire"": 1068, ""genocide"": 569, ""occupation"": 434, ""human rights"": 423, ""refugees"": 346, ""humanitarian aid"": 334, ""war crimes"": 220, ""displacement"": 205, ""victim"": 187, ""casualties"": 170, ""humanitarian crisis"": 93, ""terrorism"": 92, ""ethnic cleansing"": 82, ""sanctions"": 73, ""propaganda"": 34, ""sovereignty"": 29, ""disinformation"": 14, ""peace talks"": 12, ""aggressor"": 8, ""global condemnation"": 6, ""international intervention"": 5, ""peace negotiations"": 4, ""military strategy"": 3, ""energy security"": 2, ""economic impact"": 2, ""political consequences"": 1, ""civilian impact"": 0, ""security implications"": 0}","{""ceasefire"": 0.7468531468531469, ""genocide"": 0.3979020979020979, ""occupation"": 0.3034965034965035, ""human rights"": 0.2958041958041958, ""refugees"": 0.24195804195804196, ""humanitarian aid"": 0.23356643356643356, ""war crimes"": 0.15384615384615385, ""displacement"": 0.14335664335664336, ""victim"": 0.13076923076923078, ""casualties"": 0.11888111888111888}",Al Jazeera
Ukraine,1266,"{""sanctions"": 2543, ""refugees"": 884, ""war crimes"": 557, ""human rights"": 499, ""ceasefire"": 467, ""casualties"": 405, ""genocide"": 240, ""sovereignty"": 223, ""occupation"": 187, ""victim"": 177, ""peace talks"": 169, ""humanitarian aid"": 166, ""propaganda"": 159, ""disinformation"": 114, ""terrorism"": 112, ""humanitarian crisis"": 75, ""aggressor"": 68, ""displacement"": 67, ""energy security"": 38, ""peace negotiations"": 24, ""ethnic cleansing"": 16, ""military strategy"": 13, ""economic impact"": 8, ""global condemnation"": 6, ""political consequences"": 3, ""international intervention"": 0, ""civilian impact"": 0, ""security implications"": 0}","{""sanctions"": 2.0086887835703, ""refugees"": 0.69826224328594, ""war crimes"": 0.4399684044233807, ""human rights"": 0.3941548183254344, ""ceasefire"": 0.3688783570300158, ""casualties"": 0.31990521327014215, ""genocide"": 0.1895734597156398, ""sovereignty"": 0.17614533965244866, ""occupation"": 0.14770932069510267, ""victim"": 0.13981042654028436}",Al Jazeera
Gaza and the Occupied Palestinian Territories,2,"{""humanitarian crisis"": 1, ""casualties"": 0, ""human rights"": 0, ""aggressor"": 0, ""victim"": 0, ""ceasefire"": 0, ""international intervention"": 0, ""refugees"": 0, ""war crimes"": 0, ""military strategy"": 0, ""political consequences"": 0, ""peace talks"": 0, ""genocide"": 0, ""displacement"": 0, ""sovereignty"": 0, ""peace negotiations"": 0, ""global condemnation"": 0, ""disinformation"": 0, ""civilian impact"": 0, ""ethnic cleansing"": 0, ""sanctions"": 0, ""terrorism"": 0, ""propaganda"": 0, ""humanitarian aid"": 0, ""occupation"": 0, ""security implications"": 0, ""energy security"": 0, ""economic impact"": 0}","{""humanitarian crisis"": 0.5, ""casualties"": 0.0, ""human rights"": 0.0, ""aggressor"": 0.0, ""victim"": 0.0, ""ceasefire"": 0.0, ""international intervention"": 0.0, ""refugees"": 0.0, ""war crimes"": 0.0, ""military strategy"": 0.0}",Wall Street Journal
Gaza and the Occupied Palestinian Territories,519,"{""ceasefire"": 452, ""victim"": 152, ""casualties"": 94, ""terrorism"": 71, ""occupation"": 38, ""humanitarian aid"": 36, ""propaganda"": 32, ""war crimes"": 31, ""human rights"": 28, ""humanitarian crisis"": 17, ""genocide"": 13, ""refugees"": 12, ""sanctions"": 10, ""peace talks"": 9, ""disinformation"": 3, ""ethnic cleansing"": 3, ""sovereignty"": 2, ""aggressor"": 1, ""military strategy"": 1, ""international intervention"": 0, ""political consequences"": 0, ""displacement"": 0, ""peace negotiations"": 0, ""global condemnation"": 0, ""civilian impact"": 0, ""security implications"": 0, ""energy security"": 0, ""economic impact"": 0}","{""ceasefire"": 0.8709055876685935, ""victim"": 0.2928709055876686, ""casualties"": 0.1811175337186898, ""terrorism"": 0.13680154142581888, ""occupation"": 0.07321772639691715, ""humanitarian aid"": 0.06936416184971098, ""propaganda"": 0.06165703275529865, ""war crimes"": 0.05973025048169557, ""human rights"": 0.05394990366088632, ""humanitarian crisis"": 0.03275529865125241}",The Sun
Ukraine,595,"{""sanctions"": 199, ""casualties"": 75, ""refugees"": 73, ""victim"": 52, ""war crimes"": 48, ""propaganda"": 45, ""peace talks"": 43, ""human rights"": 40, ""ceasefire"": 36, ""occupation"": 30, ""aggressor"": 25, ""genocide"": 21, ""sovereignty"": 21, ""terrorism"": 14, ""humanitarian aid"": 12, ""disinformation"": 11, ""humanitarian crisis"": 9, ""political consequences"": 2, ""peace negotiations"": 2, ""ethnic cleansing"": 2, ""displacement"": 1, ""international intervention"": 0, ""military strategy"": 0, ""global condemnation"": 0, ""civilian impact"": 0, ""security implications"": 0, ""energy security"": 0, ""economic impact"": 0}","{""sanctions"": 0.334453781512605, ""casualties"": 0.12605042016806722, ""refugees"": 0.1226890756302521, ""victim"": 0.08739495798319327, ""war crimes"": 0.08067226890756303, ""propaganda"": 0.07563025210084033, ""peace talks"": 0.07226890756302522, ""human rights"": 0.06722689075630252, ""ceasefire"": 0.06050420168067227, ""occupation"": 0.05042016806722689}",The Sun
Gaza and the Occupied Palestinian Territories,723,"{""ceasefire"": 1712, ""genocide"": 171, ""humanitarian aid"": 156, ""human rights"": 142, ""refugees"": 135, ""sanctions"": 100, ""occupation"": 94, ""victim"": 87, ""displacement"": 84, ""casualties"": 71, ""terrorism"": 70, ""war crimes"": 59, ""ethnic cleansing"": 53, ""humanitarian crisis"": 32, ""sovereignty"": 22, ""disinformation"": 13, ""propaganda"": 9, ""aggressor"": 3, ""peace talks"": 2, ""global condemnation"": 2, ""military strategy"": 1, ""political consequences"": 1, ""peace negotiations"": 1, ""security implications"": 1, ""energy security"": 1, ""economic impact"": 1, ""international intervention"": 0, ""civilian impact"": 0}","{""ceasefire"": 2.367911479944675, ""genocide"": 0.23651452282157676, ""humanitarian aid"": 0.2157676348547718, ""human rights"": 0.19640387275242047, ""refugees"": 0.18672199170124482, ""sanctions"": 0.13831258644536654, ""occupation"": 0.13001383125864455, ""victim"": 0.12033195020746888, ""displacement"": 0.11618257261410789, ""casualties"": 0.09820193637621023}",yahoo
Ukraine,140,"{""sanctions"": 143, ""casualties"": 50, ""refugees"": 29, ""war crimes"": 26, ""terrorism"": 23, ""occupation"": 21, ""victim"": 18, ""human rights"": 17, ""aggressor"": 16, ""sovereignty"": 16, ""propaganda"": 15, ""peace talks"": 13, ""ceasefire"": 7, ""humanitarian aid"": 6, ""humanitarian crisis"": 2, ""genocide"": 2, ""displacement"": 2, ""disinformation"": 2, ""energy security"": 2, ""political consequences"": 1, ""international intervention"": 0, ""military strategy"": 0, ""peace negotiations"": 0, ""global condemnation"": 0, ""civilian impact"": 0, ""ethnic cleansing"": 0, ""security implications"": 0, ""economic impact"": 0}","{""sanctions"": 1.0214285714285714, ""casualties"": 0.35714285714285715, ""refugees"": 0.20714285714285716, ""war crimes"": 0.18571428571428572, ""terrorism"": 0.16428571428571428, ""occupation"": 0.15, ""victim"": 0.12857142857142856, ""human rights"": 0.12142857142857143, ""aggressor"": 0.11428571428571428, ""sovereignty"": 0.11428571428571428}",yahoo
Gaza and the Occupied Palestinian Territories,170,"{""casualties"": 37, ""ceasefire"": 25, ""victim"": 22, ""refugees"": 22, ""human rights"": 19, ""genocide"": 14, ""terrorism"": 12, ""sanctions"": 7, ""propaganda"": 7, ""humanitarian aid"": 7, ""occupation"": 7, ""war crimes"": 6, ""displacement"": 6, ""humanitarian crisis"": 3, ""ethnic cleansing"": 3, ""disinformation"": 2, ""political consequences"": 1, ""peace talks"": 1, ""peace negotiations"": 1, ""aggressor"": 0, ""international intervention"": 0, ""military strategy"": 0, ""sovereignty"": 0, ""global condemnation"": 0, ""civilian impact"": 0, ""security implications"": 0, ""energy security"": 0, ""economic impact"": 0}","{""casualties"": 0.21764705882352942, ""ceasefire"": 0.14705882352941177, ""victim"": 0.12941176470588237, ""refugees"": 0.12941176470588237, ""human rights"": 0.11176470588235295, ""genocide"": 0.08235294117647059, ""terrorism"": 0.07058823529411765, ""sanctions"": 0.041176470588235294, ""propaganda"": 0.041176470588235294, ""humanitarian aid"": 0.041176470588235294}",Business Insider
Ukraine,86,"{""sanctions"": 42, ""genocide"": 15, ""refugees"": 11, ""war crimes"": 11, ""human rights"": 8, ""casualties"": 7, ""victim"": 7, ""propaganda"": 6, ""occupation"": 5, ""disinformation"": 3, ""humanitarian aid"": 3, ""humanitarian crisis"": 1, ""aggressor"": 1, ""sovereignty"": 1, ""energy security"": 1, ""ceasefire"": 0, ""international intervention"": 0, ""military strategy"": 0, ""political consequences"": 0, ""peace talks"": 0, ""displacement"": 0, ""peace negotiations"": 0, ""global condemnation"": 0, ""civilian impact"": 0, ""ethnic cleansing"": 0, ""terrorism"": 0, ""security implications"": 0, ""economic impact"": 0}","{""sanctions"": 0.4883720930232558, ""genocide"": 0.1744186046511628, ""refugees"": 0.12790697674418605, ""war crimes"": 0.12790697674418605, ""human rights"": 0.09302325581395349, ""casualties"": 0.08139534883720931, ""victim"": 0.08139534883720931, ""propaganda"": 0.06976744186046512, ""occupation"": 0.05813953488372093, ""disinformation"": 0.03488372093023256}",Business Insider
Gaza and the Occupied Palestinian Territories,846,"{""ceasefire"": 309, ""terrorism"": 304, ""victim"": 255, ""genocide"": 241, ""human rights"": 209, ""casualties"": 183, ""humanitarian aid"": 183, ""refugees"": 178, ""sanctions"": 162, ""occupation"": 124, ""war crimes"": 100, ""propaganda"": 43, ""humanitarian crisis"": 42, ""ethnic cleansing"": 42, ""displacement"": 41, ""sovereignty"": 31, ""disinformation"": 21, ""aggressor"": 8, ""military strategy"": 7, ""peace talks"": 5, ""security implications"": 3, ""international intervention"": 1, ""economic impact"": 1, ""political consequences"": 0, ""peace negotiations"": 0, ""global condemnation"": 0, ""civilian impact"": 0, ""energy security"": 0}","{""ceasefire"": 0.36524822695035464, ""terrorism"": 0.35933806146572106, ""victim"": 0.30141843971631205, ""genocide"": 0.2848699763593381, ""human rights"": 0.2470449172576832, ""casualties"": 0.21631205673758866, ""humanitarian aid"": 0.21631205673758866, ""refugees"": 0.21040189125295508, ""sanctions"": 0.19148936170212766, ""occupation"": 0.14657210401891252}",Fox News
Ukraine,775,"{""sanctions"": 349, ""refugees"": 212, ""casualties"": 93, ""human rights"": 76, ""propaganda"": 70, ""victim"": 66, ""war crimes"": 54, ""disinformation"": 47, ""humanitarian aid"": 45, ""terrorism"": 42, ""occupation"": 35, ""sovereignty"": 30, ""aggressor"": 28, ""humanitarian crisis"": 23, ""peace talks"": 22, ""genocide"": 20, ""ceasefire"": 16, ""displacement"": 11, ""peace negotiations"": 4, ""military strategy"": 3, ""ethnic cleansing"": 3, ""political consequences"": 2, ""global condemnation"": 2, ""energy security"": 2, ""economic impact"": 1, ""international intervention"": 0, ""civilian impact"": 0, ""security implications"": 0}","{""sanctions"": 0.4503225806451613, ""refugees"": 0.2735483870967742, ""casualties"": 0.12, ""human rights"": 0.09806451612903226, ""propaganda"": 0.09032258064516129, ""victim"": 0.08516129032258064, ""war crimes"": 0.0696774193548387, ""disinformation"": 0.06064516129032258, ""humanitarian aid"": 0.05806451612903226, ""terrorism"": 0.05419354838709677}",Fox News
Gaza and the Occupied Palestinian Territories,6,"{""human rights"": 2, ""ceasefire"": 2, ""genocide"": 1, ""ethnic cleansing"": 1, ""humanitarian crisis"": 0, ""casualties"": 0, ""aggressor"": 0, ""victim"": 0, ""international intervention"": 0, ""refugees"": 0, ""war crimes"": 0, ""military strategy"": 0, ""political consequences"": 0, ""peace talks"": 0, ""displacement"": 0, ""sovereignty"": 0, ""peace negotiations"": 0, ""global condemnation"": 0, ""disinformation"": 0, ""civilian impact"": 0, ""sanctions"": 0, ""terrorism"": 0, ""propaganda"": 0, ""humanitarian aid"": 0, ""occupation"": 0, ""security implications"": 0, ""energy security"": 0, ""economic impact"": 0}","{""human rights"": 0.3333333333333333, ""ceasefire"": 0.3333333333333333, ""genocide"": 0.16666666666666666, ""ethnic cleansing"": 0.16666666666666666, ""humanitarian crisis"": 0.0, ""casualties"": 0.0, ""aggressor"": 0.0, ""victim"": 0.0, ""international intervention"": 0.0, ""refugees"": 0.0}",Radio Times
Ukraine,2,"{""humanitarian crisis"": 0, ""casualties"": 0, ""human rights"": 0, ""aggressor"": 0, ""victim"": 0, ""ceasefire"": 0, ""international intervention"": 0, ""refugees"": 0, ""war crimes"": 0, ""military strategy"": 0, ""political consequences"": 0, ""peace talks"": 0, ""genocide"": 0, ""displacement"": 0, ""sovereignty"": 0, ""peace negotiations"": 0, ""global condemnation"": 0, ""disinformation"": 0, ""civilian impact"": 0, ""ethnic cleansing"": 0, ""sanctions"": 0, ""terrorism"": 0, ""propaganda"": 0, ""humanitarian aid"": 0, ""occupation"": 0, ""security implications"": 0, ""energy security"": 0, ""economic impact"": 0}","{""humanitarian crisis"": 0.0, ""casualties"": 0.0, ""human rights"": 0.0, ""aggressor"": 0.0, ""victim"": 0.0, ""ceasefire"": 0.0, ""international intervention"": 0.0, ""refugees"": 0.0, ""war crimes"": 0.0, ""military strategy"": 0.0}",Radio Times
Gaza and the Occupied Palestinian Territories,23,"{""ceasefire"": 10, ""humanitarian crisis"": 0, ""casualties"": 0, ""human rights"": 0, ""aggressor"": 0, ""victim"": 0, ""international intervention"": 0, ""refugees"": 0, ""war crimes"": 0, ""military strategy"": 0, ""political consequences"": 0, ""peace talks"": 0, ""genocide"": 0, ""displacement"": 0, ""sovereignty"": 0, ""peace negotiations"": 0, ""global condemnation"": 0, ""disinformation"": 0, ""civilian impact"": 0, ""ethnic cleansing"": 0, ""sanctions"": 0, ""terrorism"": 0, ""propaganda"": 0, ""humanitarian aid"": 0, ""occupation"": 0, ""security implications"": 0, ""energy security"": 0, ""economic impact"": 0}","{""ceasefire"": 0.43478260869565216, ""humanitarian crisis"": 0.0, ""casualties"": 0.0, ""human rights"": 0.0, ""aggressor"": 0.0, ""victim"": 0.0, ""international intervention"": 0.0, ""refugees"": 0.0, ""war crimes"": 0.0, ""military strategy"": 0.0}",CTV News
Ukraine,9,"{""humanitarian crisis"": 0, ""casualties"": 0, ""human rights"": 0, ""aggressor"": 0, ""victim"": 0, ""ceasefire"": 0, ""international intervention"": 0, ""refugees"": 0, ""war crimes"": 0, ""military strategy"": 0, ""political consequences"": 0, ""peace talks"": 0, ""genocide"": 0, ""displacement"": 0, ""sovereignty"": 0, ""peace negotiations"": 0, ""global condemnation"": 0, ""disinformation"": 0, ""civilian impact"": 0, ""ethnic cleansing"": 0, ""sanctions"": 0, ""terrorism"": 0, ""propaganda"": 0, ""humanitarian aid"": 0, ""occupation"": 0, ""security implications"": 0, ""energy security"": 0, ""economic impact"": 0}","{""humanitarian crisis"": 0.0, ""casualties"": 0.0, ""human rights"": 0.0, ""aggressor"": 0.0, ""victim"": 0.0, ""ceasefire"": 0.0, ""international intervention"": 0.0, ""refugees"": 0.0, ""war crimes"": 0.0, ""military strategy"": 0.0}",CTV News
Gaza and the Occupied Palestinian Territories,85,"{""ceasefire"": 12, ""terrorism"": 7, ""victim"": 5, ""war crimes"": 4, ""displacement"": 4, ""casualties"": 2, ""occupation"": 2, ""peace talks"": 1, ""genocide"": 1, ""humanitarian aid"": 1, ""humanitarian crisis"": 0, ""human rights"": 0, ""aggressor"": 0, ""international intervention"": 0, ""refugees"": 0, ""military strategy"": 0, ""political consequences"": 0, ""sovereignty"": 0, ""peace negotiations"": 0, ""global condemnation"": 0, ""disinformation"": 0, ""civilian impact"": 0, ""ethnic cleansing"": 0, ""sanctions"": 0, ""propaganda"": 0, ""security implications"": 0, ""energy security"": 0, ""economic impact"": 0}","{""ceasefire"": 0.1411764705882353, ""terrorism"": 0.08235294117647059, ""victim"": 0.058823529411764705, ""war crimes"": 0.047058823529411764, ""displacement"": 0.047058823529411764, ""casualties"": 0.023529411764705882, ""occupation"": 0.023529411764705882, ""peace talks"": 0.011764705882352941, ""genocide"": 0.011764705882352941, ""humanitarian aid"": 0.011764705882352941}",GB News
Ukraine,15,"{""sanctions"": 3, ""war crimes"": 2, ""energy security"": 2, ""aggressor"": 1, ""disinformation"": 1, ""propaganda"": 1, ""humanitarian crisis"": 0, ""casualties"": 0, ""human rights"": 0, ""victim"": 0, ""ceasefire"": 0, ""international intervention"": 0, ""refugees"": 0, ""military strategy"": 0, ""political consequences"": 0, ""peace talks"": 0, ""genocide"": 0, ""displacement"": 0, ""sovereignty"": 0, ""peace negotiations"": 0, ""global condemnation"": 0, ""civilian impact"": 0, ""ethnic cleansing"": 0, ""terrorism"": 0, ""humanitarian aid"": 0, ""occupation"": 0, ""security implications"": 0, ""economic impact"": 0}","{""sanctions"": 0.2, ""war crimes"": 0.13333333333333333, ""energy security"": 0.13333333333333333, ""aggressor"": 0.06666666666666667, ""disinformation"": 0.06666666666666667, ""propaganda"": 0.06666666666666667, ""humanitarian crisis"": 0.0, ""casualties"": 0.0, ""human rights"": 0.0, ""victim"": 0.0}",GB News
Gaza and the Occupied Palestinian Territories,29,"{""ceasefire"": 49, ""human rights"": 4, ""genocide"": 4, ""humanitarian crisis"": 3, ""victim"": 3, ""displacement"": 2, ""terrorism"": 2, ""war crimes"": 1, ""humanitarian aid"": 1, ""occupation"": 1, ""casualties"": 0, ""aggressor"": 0, ""international intervention"": 0, ""refugees"": 0, ""military strategy"": 0, ""political consequences"": 0, ""peace talks"": 0, ""sovereignty"": 0, ""peace negotiations"": 0, ""global condemnation"": 0, ""disinformation"": 0, ""civilian impact"": 0, ""ethnic cleansing"": 0, ""sanctions"": 0, ""propaganda"": 0, ""security implications"": 0, ""energy security"": 0, ""economic impact"": 0}","{""ceasefire"": 1.6896551724137931, ""human rights"": 0.13793103448275862, ""genocide"": 0.13793103448275862, ""humanitarian crisis"": 0.10344827586206896, ""victim"": 0.10344827586206896, ""displacement"": 0.06896551724137931, ""terrorism"": 0.06896551724137931, ""war crimes"": 0.034482758620689655, ""humanitarian aid"": 0.034482758620689655, ""occupation"": 0.034482758620689655}",Birmigham Live
Ukraine,11,"{""refugees"": 5, ""sanctions"": 3, ""humanitarian crisis"": 1, ""casualties"": 0, ""human rights"": 0, ""aggressor"": 0, ""victim"": 0, ""ceasefire"": 0, ""international intervention"": 0, ""war crimes"": 0, ""military strategy"": 0, ""political consequences"": 0, ""peace talks"": 0, ""genocide"": 0, ""displacement"": 0, ""sovereignty"": 0, ""peace negotiations"": 0, ""global condemnation"": 0, ""disinformation"": 0, ""civilian impact"": 0, ""ethnic cleansing"": 0, ""terrorism"": 0, ""propaganda"": 0, ""humanitarian aid"": 0, ""occupation"": 0, ""security implications"": 0, ""energy security"": 0, ""economic impact"": 0}","{""refugees"": 0.45454545454545453, ""sanctions"": 0.2727272727272727, ""humanitarian crisis"": 0.09090909090909091, ""casualties"": 0.0, ""human rights"": 0.0, ""aggressor"": 0.0, ""victim"": 0.0, ""ceasefire"": 0.0, ""international intervention"": 0.0, ""war crimes"": 0.0}",Birmigham Live
Gaza and the Occupied Palestinian Territories,93,"{""ceasefire"": 42, ""occupation"": 19, ""human rights"": 17, ""genocide"": 16, ""refugees"": 10, ""displacement"": 10, ""casualties"": 7, ""ethnic cleansing"": 6, ""humanitarian crisis"": 5, ""war crimes"": 5, ""sanctions"": 5, ""sovereignty"": 3, ""disinformation"": 3, ""victim"": 2, ""peace talks"": 1, ""peace negotiations"": 1, ""propaganda"": 1, ""humanitarian aid"": 1, ""aggressor"": 0, ""international intervention"": 0, ""military strategy"": 0, ""political consequences"": 0, ""global condemnation"": 0, ""civilian impact"": 0, ""terrorism"": 0, ""security implications"": 0, ""energy security"": 0, ""economic impact"": 0}","{""ceasefire"": 0.45161290322580644, ""occupation"": 0.20430107526881722, ""human rights"": 0.1827956989247312, ""genocide"": 0.17204301075268819, ""refugees"": 0.10752688172043011, ""displacement"": 0.10752688172043011, ""casualties"": 0.07526881720430108, ""ethnic cleansing"": 0.06451612903225806, ""humanitarian crisis"": 0.053763440860215055, ""war crimes"": 0.053763440860215055}",IRNA (Islamic Iranian News Agency)
Ukraine,5,"{""refugees"": 12, ""sanctions"": 6, ""humanitarian aid"": 2, ""occupation"": 2, ""aggressor"": 1, ""victim"": 1, ""humanitarian crisis"": 0, ""casualties"": 0, ""human rights"": 0, ""ceasefire"": 0, ""international intervention"": 0, ""war crimes"": 0, ""military strategy"": 0, ""political consequences"": 0, ""peace talks"": 0, ""genocide"": 0, ""displacement"": 0, ""sovereignty"": 0, ""peace negotiations"": 0, ""global condemnation"": 0, ""disinformation"": 0, ""civilian impact"": 0, ""ethnic cleansing"": 0, ""terrorism"": 0, ""propaganda"": 0, ""security implications"": 0, ""energy security"": 0, ""economic impact"": 0}","{""refugees"": 2.4, ""sanctions"": 1.2, ""humanitarian aid"": 0.4, ""occupation"": 0.4, ""aggressor"": 0.2, ""victim"": 0.2, ""humanitarian crisis"": 0.0, ""casualties"": 0.0, ""human rights"": 0.0, ""ceasefire"": 0.0}",IRNA (Islamic Iranian News Agency)
Gaza and the Occupied Palestinian Territories,21,"{""ceasefire"": 11, ""victim"": 2, ""refugees"": 2, ""casualties"": 1, ""sanctions"": 1, ""terrorism"": 1, ""humanitarian aid"": 1, ""humanitarian crisis"": 0, ""human rights"": 0, ""aggressor"": 0, ""international intervention"": 0, ""war crimes"": 0, ""military strategy"": 0, ""political consequences"": 0, ""peace talks"": 0, ""genocide"": 0, ""displacement"": 0, ""sovereignty"": 0, ""peace negotiations"": 0, ""global condemnation"": 0, ""disinformation"": 0, ""civilian impact"": 0, ""ethnic cleansing"": 0, ""propaganda"": 0, ""occupation"": 0, ""security implications"": 0, ""energy security"": 0, ""economic impact"": 0}","{""ceasefire"": 0.5238095238095238, ""victim"": 0.09523809523809523, ""refugees"": 0.09523809523809523, ""casualties"": 0.047619047619047616, ""sanctions"": 0.047619047619047616, ""terrorism"": 0.047619047619047616, ""humanitarian aid"": 0.047619047619047616, ""humanitarian crisis"": 0.0, ""human rights"": 0.0, ""aggressor"": 0.0}",Channel 4
Ukraine,5,"{""casualties"": 2, ""sanctions"": 2, ""humanitarian aid"": 2, ""human rights"": 1, ""peace talks"": 1, ""humanitarian crisis"": 0, ""aggressor"": 0, ""victim"": 0, ""ceasefire"": 0, ""international intervention"": 0, ""refugees"": 0, ""war crimes"": 0, ""military strategy"": 0, ""political consequences"": 0, ""genocide"": 0, ""displacement"": 0, ""sovereignty"": 0, ""peace negotiations"": 0, ""global condemnation"": 0, ""disinformation"": 0, ""civilian impact"": 0, ""ethnic cleansing"": 0, ""terrorism"": 0, ""propaganda"": 0, ""occupation"": 0, ""security implications"": 0, ""energy security"": 0, ""economic impact"": 0}","{""casualties"": 0.4, ""sanctions"": 0.4, ""humanitarian aid"": 0.4, ""human rights"": 0.2, ""peace talks"": 0.2, ""humanitarian crisis"": 0.0, ""aggressor"": 0.0, ""victim"": 0.0, ""ceasefire"": 0.0, ""international intervention"": 0.0}",Channel 4
Gaza and the Occupied Palestinian Territories,86,"{""ceasefire"": 31, ""genocide"": 15, ""victim"": 12, ""refugees"": 5, ""ethnic cleansing"": 5, ""occupation"": 5, ""humanitarian crisis"": 4, ""human rights"": 2, ""casualties"": 1, ""terrorism"": 1, ""aggressor"": 0, ""international intervention"": 0, ""war crimes"": 0, ""military strategy"": 0, ""political consequences"": 0, ""peace talks"": 0, ""displacement"": 0, ""sovereignty"": 0, ""peace negotiations"": 0, ""global condemnation"": 0, ""disinformation"": 0, ""civilian impact"": 0, ""sanctions"": 0, ""propaganda"": 0, ""humanitarian aid"": 0, ""security implications"": 0, ""energy security"": 0, ""economic impact"": 0}","{""ceasefire"": 0.36046511627906974, ""genocide"": 0.1744186046511628, ""victim"": 0.13953488372093023, ""refugees"": 0.05813953488372093, ""ethnic cleansing"": 0.05813953488372093, ""occupation"": 0.05813953488372093, ""humanitarian crisis"": 0.046511627906976744, ""human rights"": 0.023255813953488372, ""casualties"": 0.011627906976744186, ""terrorism"": 0.011627906976744186}",Buzzfeed
Ukraine,17,"{""sanctions"": 5, ""war crimes"": 4, ""propaganda"": 3, ""victim"": 2, ""refugees"": 2, ""casualties"": 1, ""human rights"": 1, ""aggressor"": 1, ""terrorism"": 1, ""humanitarian aid"": 1, ""occupation"": 1, ""humanitarian crisis"": 0, ""ceasefire"": 0, ""international intervention"": 0, ""military strategy"": 0, ""political consequences"": 0, ""peace talks"": 0, ""genocide"": 0, ""displacement"": 0, ""sovereignty"": 0, ""peace negotiations"": 0, ""global condemnation"": 0, ""disinformation"": 0, ""civilian impact"": 0, ""ethnic cleansing"": 0, ""security implications"": 0, ""energy security"": 0, ""economic impact"": 0}","{""sanctions"": 0.29411764705882354, ""war crimes"": 0.23529411764705882, ""propaganda"": 0.17647058823529413, ""victim"": 0.11764705882352941, ""refugees"": 0.11764705882352941, ""casualties"": 0.058823529411764705, ""human rights"": 0.058823529411764705, ""aggressor"": 0.058823529411764705, ""terrorism"": 0.058823529411764705, ""humanitarian aid"": 0.058823529411764705}",Buzzfeed
Gaza and the Occupied Palestinian Territories,55,"{""ceasefire"": 87, ""victim"": 12, ""terrorism"": 5, ""humanitarian crisis"": 4, ""casualties"": 4, ""war crimes"": 4, ""humanitarian aid"": 4, ""occupation"": 4, ""human rights"": 2, ""genocide"": 2, ""refugees"": 1, ""sanctions"": 1, ""aggressor"": 0, ""international intervention"": 0, ""military strategy"": 0, ""political consequences"": 0, ""peace talks"": 0, ""displacement"": 0, ""sovereignty"": 0, ""peace negotiations"": 0, ""global condemnation"": 0, ""disinformation"": 0, ""civilian impact"": 0, ""ethnic cleansing"": 0, ""propaganda"": 0, ""security implications"": 0, ""energy security"": 0, ""economic impact"": 0}","{""ceasefire"": 1.5818181818181818, ""victim"": 0.21818181818181817, ""terrorism"": 0.09090909090909091, ""humanitarian crisis"": 0.07272727272727272, ""casualties"": 0.07272727272727272, ""war crimes"": 0.07272727272727272, ""humanitarian aid"": 0.07272727272727272, ""occupation"": 0.07272727272727272, ""human rights"": 0.03636363636363636, ""genocide"": 0.03636363636363636}",Manchester Evening News
Ukraine,40,"{""refugees"": 28, ""victim"": 5, ""sanctions"": 3, ""propaganda"": 2, ""occupation"": 2, ""casualties"": 1, ""human rights"": 1, ""peace talks"": 1, ""sovereignty"": 1, ""humanitarian aid"": 1, ""humanitarian crisis"": 0, ""aggressor"": 0, ""ceasefire"": 0, ""international intervention"": 0, ""war crimes"": 0, ""military strategy"": 0, ""political consequences"": 0, ""genocide"": 0, ""displacement"": 0, ""peace negotiations"": 0, ""global condemnation"": 0, ""disinformation"": 0, ""civilian impact"": 0, ""ethnic cleansing"": 0, ""terrorism"": 0, ""security implications"": 0, ""energy security"": 0, ""economic impact"": 0}","{""refugees"": 0.7, ""victim"": 0.125, ""sanctions"": 0.075, ""propaganda"": 0.05, ""occupation"": 0.05, ""casualties"": 0.025, ""human rights"": 0.025, ""peace talks"": 0.025, ""sovereignty"": 0.025, ""humanitarian aid"": 0.025}",Manchester Evening News
Gaza and the Occupied Palestinian Territories,139,"{""ceasefire"": 28, ""terrorism"": 25, ""victim"": 20, ""refugees"": 16, ""occupation"": 15, ""genocide"": 14, ""human rights"": 6, ""war crimes"": 6, ""sanctions"": 6, ""propaganda"": 6, ""humanitarian aid"": 5, ""humanitarian crisis"": 3, ""casualties"": 2, ""aggressor"": 1, ""displacement"": 1, ""ethnic cleansing"": 1, ""international intervention"": 0, ""military strategy"": 0, ""political consequences"": 0, ""peace talks"": 0, ""sovereignty"": 0, ""peace negotiations"": 0, ""global condemnation"": 0, ""disinformation"": 0, ""civilian impact"": 0, ""security implications"": 0, ""energy security"": 0, ""economic impact"": 0}","{""ceasefire"": 0.2014388489208633, ""terrorism"": 0.17985611510791366, ""victim"": 0.14388489208633093, ""refugees"": 0.11510791366906475, ""occupation"": 0.1079136690647482, ""genocide"": 0.10071942446043165, ""human rights"": 0.04316546762589928, ""war crimes"": 0.04316546762589928, ""sanctions"": 0.04316546762589928, ""propaganda"": 0.04316546762589928}",News.com.au
Ukraine,66,"{""sanctions"": 22, ""casualties"": 6, ""aggressor"": 4, ""sovereignty"": 4, ""refugees"": 3, ""war crimes"": 3, ""disinformation"": 2, ""terrorism"": 2, ""propaganda"": 2, ""human rights"": 1, ""military strategy"": 1, ""peace negotiations"": 1, ""occupation"": 1, ""humanitarian crisis"": 0, ""victim"": 0, ""ceasefire"": 0, ""international intervention"": 0, ""political consequences"": 0, ""peace talks"": 0, ""genocide"": 0, ""displacement"": 0, ""global condemnation"": 0, ""civilian impact"": 0, ""ethnic cleansing"": 0, ""humanitarian aid"": 0, ""security implications"": 0, ""energy security"": 0, ""economic impact"": 0}","{""sanctions"": 0.3333333333333333, ""casualties"": 0.09090909090909091, ""aggressor"": 0.06060606060606061, ""sovereignty"": 0.06060606060606061, ""refugees"": 0.045454545454545456, ""war crimes"": 0.045454545454545456, ""disinformation"": 0.030303030303030304, ""terrorism"": 0.030303030303030304, ""propaganda"": 0.030303030303030304, ""human rights"": 0.015151515151515152}",News.com.au
Gaza and the Occupied Palestinian Territories,116,"{""ceasefire"": 55, ""victim"": 22, ""occupation"": 12, ""war crimes"": 8, ""genocide"": 6, ""casualties"": 5, ""terrorism"": 4, ""human rights"": 3, ""humanitarian aid"": 3, ""humanitarian crisis"": 2, ""ethnic cleansing"": 2, ""refugees"": 1, ""displacement"": 1, ""energy security"": 1, ""aggressor"": 0, ""international intervention"": 0, ""military strategy"": 0, ""political consequences"": 0, ""peace talks"": 0, ""sovereignty"": 0, ""peace negotiations"": 0, ""global condemnation"": 0, ""disinformation"": 0, ""civilian impact"": 0, ""sanctions"": 0, ""propaganda"": 0, ""security implications"": 0, ""economic impact"": 0}","{""ceasefire"": 0.47413793103448276, ""victim"": 0.1896551724137931, ""occupation"": 0.10344827586206896, ""war crimes"": 0.06896551724137931, ""genocide"": 0.05172413793103448, ""casualties"": 0.04310344827586207, ""terrorism"": 0.034482758620689655, ""human rights"": 0.02586206896551724, ""humanitarian aid"": 0.02586206896551724, ""humanitarian crisis"": 0.017241379310344827}",Daily Record
Ukraine,90,"{""refugees"": 37, ""sanctions"": 23, ""war crimes"": 11, ""casualties"": 9, ""humanitarian aid"": 6, ""victim"": 5, ""genocide"": 3, ""ceasefire"": 2, ""terrorism"": 2, ""humanitarian crisis"": 1, ""human rights"": 1, ""aggressor"": 1, ""peace negotiations"": 1, ""propaganda"": 1, ""international intervention"": 0, ""military strategy"": 0, ""political consequences"": 0, ""peace talks"": 0, ""displacement"": 0, ""sovereignty"": 0, ""global condemnation"": 0, ""disinformation"": 0, ""civilian impact"": 0, ""ethnic cleansing"": 0, ""occupation"": 0, ""security implications"": 0, ""energy security"": 0, ""economic impact"": 0}","{""refugees"": 0.4111111111111111, ""sanctions"": 0.25555555555555554, ""war crimes"": 0.12222222222222222, ""casualties"": 0.1, ""humanitarian aid"": 0.06666666666666667, ""victim"": 0.05555555555555555, ""genocide"": 0.03333333333333333, ""ceasefire"": 0.022222222222222223, ""terrorism"": 0.022222222222222223, ""humanitarian crisis"": 0.011111111111111112}",Daily Record
Gaza and the Occupied Palestinian Territories,14,"{""casualties"": 12, ""ceasefire"": 7, ""refugees"": 7, ""human rights"": 4, ""war crimes"": 3, ""humanitarian aid"": 3, ""humanitarian crisis"": 2, ""victim"": 1, ""military strategy"": 1, ""displacement"": 1, ""disinformation"": 1, ""occupation"": 1, ""aggressor"": 0, ""international intervention"": 0, ""political consequences"": 0, ""peace talks"": 0, ""genocide"": 0, ""sovereignty"": 0, ""peace negotiations"": 0, ""global condemnation"": 0, ""civilian impact"": 0, ""ethnic cleansing"": 0, ""sanctions"": 0, ""terrorism"": 0, ""propaganda"": 0, ""security implications"": 0, ""energy security"": 0, ""economic impact"": 0}","{""casualties"": 0.8571428571428571, ""ceasefire"": 0.5, ""refugees"": 0.5, ""human rights"": 0.2857142857142857, ""war crimes"": 0.21428571428571427, ""humanitarian aid"": 0.21428571428571427, ""humanitarian crisis"": 0.14285714285714285, ""victim"": 0.07142857142857142, ""military strategy"": 0.07142857142857142, ""displacement"": 0.07142857142857142}",Reuters
Ukraine,6,"{""sanctions"": 6, ""refugees"": 5, ""casualties"": 4, ""war crimes"": 2, ""victim"": 1, ""genocide"": 1, ""terrorism"": 1, ""humanitarian crisis"": 0, ""human rights"": 0, ""aggressor"": 0, ""ceasefire"": 0, ""international intervention"": 0, ""military strategy"": 0, ""political consequences"": 0, ""peace talks"": 0, ""displacement"": 0, ""sovereignty"": 0, ""peace negotiations"": 0, ""global condemnation"": 0, ""disinformation"": 0, ""civilian impact"": 0, ""ethnic cleansing"": 0, ""propaganda"": 0, ""humanitarian aid"": 0, ""occupation"": 0, ""security implications"": 0, ""energy security"": 0, ""economic impact"": 0}","{""sanctions"": 1.0, ""refugees"": 0.8333333333333334, ""casualties"": 0.6666666666666666, ""war crimes"": 0.3333333333333333, ""victim"": 0.16666666666666666, ""genocide"": 0.16666666666666666, ""terrorism"": 0.16666666666666666, ""humanitarian crisis"": 0.0, ""human rights"": 0.0, ""aggressor"": 0.0}",Reuters
Gaza and the Occupied Palestinian Territories,112,"{""ceasefire"": 79, ""victim"": 24, ""refugees"": 21, ""occupation"": 19, ""casualties"": 15, ""displacement"": 13, ""terrorism"": 13, ""human rights"": 10, ""humanitarian aid"": 10, ""genocide"": 7, ""humanitarian crisis"": 6, ""sanctions"": 5, ""ethnic cleansing"": 4, ""sovereignty"": 3, ""war crimes"": 2, ""disinformation"": 2, ""peace talks"": 1, ""peace negotiations"": 1, ""propaganda"": 1, ""economic impact"": 1, ""aggressor"": 0, ""international intervention"": 0, ""military strategy"": 0, ""political consequences"": 0, ""global condemnation"": 0, ""civilian impact"": 0, ""security implications"": 0, ""energy security"": 0}","{""ceasefire"": 0.7053571428571429, ""victim"": 0.21428571428571427, ""refugees"": 0.1875, ""occupation"": 0.16964285714285715, ""casualties"": 0.13392857142857142, ""displacement"": 0.11607142857142858, ""terrorism"": 0.11607142857142858, ""human rights"": 0.08928571428571429, ""humanitarian aid"": 0.08928571428571429, ""genocide"": 0.0625}",Sydney Morning Herald 
Ukraine,27,"{""refugees"": 13, ""victim"": 11, ""propaganda"": 9, ""disinformation"": 8, ""casualties"": 6, ""sanctions"": 6, ""human rights"": 5, ""war crimes"": 5, ""ceasefire"": 3, ""terrorism"": 3, ""occupation"": 3, ""humanitarian crisis"": 1, ""aggressor"": 1, ""peace talks"": 1, ""displacement"": 1, ""sovereignty"": 1, ""humanitarian aid"": 1, ""international intervention"": 0, ""military strategy"": 0, ""political consequences"": 0, ""genocide"": 0, ""peace negotiations"": 0, ""global condemnation"": 0, ""civilian impact"": 0, ""ethnic cleansing"": 0, ""security implications"": 0, ""energy security"": 0, ""economic impact"": 0}","{""refugees"": 0.48148148148148145, ""victim"": 0.4074074074074074, ""propaganda"": 0.3333333333333333, ""disinformation"": 0.2962962962962963, ""casualties"": 0.2222222222222222, ""sanctions"": 0.2222222222222222, ""human rights"": 0.18518518518518517, ""war crimes"": 0.18518518518518517, ""ceasefire"": 0.1111111111111111, ""terrorism"": 0.1111111111111111}",Sydney Morning Herald 
Gaza and the Occupied Palestinian Territories,201,"{""humanitarian aid"": 271, ""ceasefire"": 196, ""human rights"": 101, ""refugees"": 86, ""terrorism"": 77, ""casualties"": 71, ""humanitarian crisis"": 65, ""occupation"": 58, ""victim"": 50, ""sanctions"": 47, ""displacement"": 42, ""disinformation"": 42, ""genocide"": 32, ""war crimes"": 25, ""propaganda"": 23, ""economic impact"": 9, ""sovereignty"": 8, ""peace talks"": 6, ""aggressor"": 3, ""military strategy"": 2, ""international intervention"": 1, ""peace negotiations"": 1, ""ethnic cleansing"": 1, ""political consequences"": 0, ""global condemnation"": 0, ""civilian impact"": 0, ""security implications"": 0, ""energy security"": 0}","{""humanitarian aid"": 1.3482587064676617, ""ceasefire"": 0.9751243781094527, ""human rights"": 0.5024875621890548, ""refugees"": 0.42786069651741293, ""terrorism"": 0.38308457711442784, ""casualties"": 0.35323383084577115, ""humanitarian crisis"": 0.32338308457711445, ""occupation"": 0.2885572139303483, ""victim"": 0.24875621890547264, ""sanctions"": 0.23383084577114427}",CNBC
Ukraine,430,"{""sanctions"": 1297, ""refugees"": 281, ""war crimes"": 266, ""casualties"": 260, ""human rights"": 238, ""sovereignty"": 105, ""victim"": 100, ""peace talks"": 95, ""occupation"": 90, ""humanitarian aid"": 87, ""terrorism"": 73, ""propaganda"": 69, ""genocide"": 62, ""disinformation"": 58, ""ceasefire"": 56, ""aggressor"": 45, ""humanitarian crisis"": 38, ""energy security"": 29, ""displacement"": 23, ""peace negotiations"": 12, ""military strategy"": 9, ""economic impact"": 6, ""global condemnation"": 4, ""political consequences"": 3, ""security implications"": 1, ""international intervention"": 0, ""civilian impact"": 0, ""ethnic cleansing"": 0}","{""sanctions"": 3.016279069767442, ""refugees"": 0.6534883720930232, ""war crimes"": 0.6186046511627907, ""casualties"": 0.6046511627906976, ""human rights"": 0.5534883720930233, ""sovereignty"": 0.2441860465116279, ""victim"": 0.23255813953488372, ""peace talks"": 0.22093023255813954, ""occupation"": 0.20930232558139536, ""humanitarian aid"": 0.20232558139534884}",CNBC
Gaza and the Occupied Palestinian Territories,241,"{""ceasefire"": 196, ""victim"": 37, ""terrorism"": 30, ""humanitarian aid"": 27, ""casualties"": 26, ""refugees"": 23, ""genocide"": 22, ""human rights"": 15, ""occupation"": 14, ""humanitarian crisis"": 8, ""war crimes"": 8, ""displacement"": 7, ""ethnic cleansing"": 4, ""sanctions"": 4, ""propaganda"": 4, ""peace talks"": 3, ""sovereignty"": 3, ""disinformation"": 2, ""peace negotiations"": 1, ""aggressor"": 0, ""international intervention"": 0, ""military strategy"": 0, ""political consequences"": 0, ""global condemnation"": 0, ""civilian impact"": 0, ""security implications"": 0, ""energy security"": 0, ""economic impact"": 0}","{""ceasefire"": 0.8132780082987552, ""victim"": 0.15352697095435686, ""terrorism"": 0.12448132780082988, ""humanitarian aid"": 0.11203319502074689, ""casualties"": 0.1078838174273859, ""refugees"": 0.0954356846473029, ""genocide"": 0.0912863070539419, ""human rights"": 0.06224066390041494, ""occupation"": 0.058091286307053944, ""humanitarian crisis"": 0.03319502074688797}",ITV
Ukraine,131,"{""sanctions"": 37, ""refugees"": 29, ""victim"": 18, ""human rights"": 16, ""casualties"": 14, ""war crimes"": 12, ""genocide"": 6, ""disinformation"": 6, ""propaganda"": 6, ""ceasefire"": 3, ""terrorism"": 3, ""occupation"": 3, ""sovereignty"": 2, ""humanitarian aid"": 2, ""aggressor"": 1, ""military strategy"": 1, ""peace talks"": 1, ""displacement"": 1, ""peace negotiations"": 1, ""humanitarian crisis"": 0, ""international intervention"": 0, ""political consequences"": 0, ""global condemnation"": 0, ""civilian impact"": 0, ""ethnic cleansing"": 0, ""security implications"": 0, ""energy security"": 0, ""economic impact"": 0}","{""sanctions"": 0.2824427480916031, ""refugees"": 0.22137404580152673, ""victim"": 0.13740458015267176, ""human rights"": 0.12213740458015267, ""casualties"": 0.10687022900763359, ""war crimes"": 0.0916030534351145, ""genocide"": 0.04580152671755725, ""disinformation"": 0.04580152671755725, ""propaganda"": 0.04580152671755725, ""ceasefire"": 0.022900763358778626}",ITV
Gaza and the Occupied Palestinian Territories,1401,"{""ceasefire"": 1257, ""humanitarian aid"": 292, ""human rights"": 287, ""casualties"": 269, ""victim"": 258, ""refugees"": 211, ""occupation"": 176, ""genocide"": 151, ""war crimes"": 126, ""humanitarian crisis"": 125, ""terrorism"": 116, ""displacement"": 91, ""sanctions"": 76, ""propaganda"": 34, ""sovereignty"": 25, ""ethnic cleansing"": 25, ""disinformation"": 17, ""peace talks"": 8, ""aggressor"": 7, ""military strategy"": 5, ""economic impact"": 5, ""international intervention"": 3, ""global condemnation"": 2, ""peace negotiations"": 1, ""political consequences"": 0, ""civilian impact"": 0, ""security implications"": 0, ""energy security"": 0}","{""ceasefire"": 0.8972162740899358, ""humanitarian aid"": 0.20842255531763026, ""human rights"": 0.20485367594575304, ""casualties"": 0.192005710206995, ""victim"": 0.1841541755888651, ""refugees"": 0.15060670949321914, ""occupation"": 0.1256245538900785, ""genocide"": 0.10778015703069237, ""war crimes"": 0.08993576017130621, ""humanitarian crisis"": 0.08922198429693076}",ABC News
Ukraine,856,"{""sanctions"": 533, ""refugees"": 205, ""war crimes"": 152, ""casualties"": 144, ""human rights"": 137, ""victim"": 89, ""genocide"": 78, ""occupation"": 71, ""propaganda"": 69, ""ceasefire"": 67, ""sovereignty"": 59, ""disinformation"": 58, ""terrorism"": 54, ""humanitarian aid"": 42, ""peace talks"": 27, ""aggressor"": 21, ""humanitarian crisis"": 12, ""displacement"": 9, ""peace negotiations"": 7, ""energy security"": 6, ""military strategy"": 5, ""global condemnation"": 4, ""ethnic cleansing"": 4, ""economic impact"": 4, ""security implications"": 1, ""international intervention"": 0, ""political consequences"": 0, ""civilian impact"": 0}","{""sanctions"": 0.6226635514018691, ""refugees"": 0.23948598130841123, ""war crimes"": 0.17757009345794392, ""casualties"": 0.16822429906542055, ""human rights"": 0.16004672897196262, ""victim"": 0.10397196261682243, ""genocide"": 0.0911214953271028, ""occupation"": 0.08294392523364486, ""propaganda"": 0.08060747663551401, ""ceasefire"": 0.07827102803738317}",ABC News
Gaza and the Occupied Palestinian Territories,140,"{""ceasefire"": 30, ""humanitarian aid"": 27, ""human rights"": 23, ""victim"": 20, ""casualties"": 17, ""terrorism"": 16, ""displacement"": 14, ""genocide"": 13, ""refugees"": 10, ""sanctions"": 10, ""occupation"": 7, ""humanitarian crisis"": 4, ""war crimes"": 4, ""disinformation"": 3, ""propaganda"": 3, ""economic impact"": 2, ""peace talks"": 1, ""sovereignty"": 1, ""aggressor"": 0, ""international intervention"": 0, ""military strategy"": 0, ""political consequences"": 0, ""peace negotiations"": 0, ""global condemnation"": 0, ""civilian impact"": 0, ""ethnic cleansing"": 0, ""security implications"": 0, ""energy security"": 0}","{""ceasefire"": 0.21428571428571427, ""humanitarian aid"": 0.19285714285714287, ""human rights"": 0.16428571428571428, ""victim"": 0.14285714285714285, ""casualties"": 0.12142857142857143, ""terrorism"": 0.11428571428571428, ""displacement"": 0.1, ""genocide"": 0.09285714285714286, ""refugees"": 0.07142857142857142, ""sanctions"": 0.07142857142857142}",Forbes
Ukraine,301,"{""sanctions"": 162, ""refugees"": 99, ""casualties"": 31, ""human rights"": 27, ""propaganda"": 19, ""displacement"": 18, ""humanitarian aid"": 18, ""sovereignty"": 16, ""occupation"": 14, ""disinformation"": 12, ""victim"": 9, ""terrorism"": 8, ""energy security"": 7, ""war crimes"": 6, ""genocide"": 6, ""aggressor"": 4, ""ceasefire"": 4, ""economic impact"": 4, ""military strategy"": 3, ""humanitarian crisis"": 2, ""political consequences"": 1, ""peace talks"": 1, ""global condemnation"": 1, ""international intervention"": 0, ""peace negotiations"": 0, ""civilian impact"": 0, ""ethnic cleansing"": 0, ""security implications"": 0}","{""sanctions"": 0.5382059800664452, ""refugees"": 0.3289036544850498, ""casualties"": 0.10299003322259136, ""human rights"": 0.08970099667774087, ""propaganda"": 0.06312292358803986, ""displacement"": 0.059800664451827246, ""humanitarian aid"": 0.059800664451827246, ""sovereignty"": 0.053156146179401995, ""occupation"": 0.046511627906976744, ""disinformation"": 0.03986710963455149}",Forbes
Gaza and the Occupied Palestinian Territories,325,"{""ceasefire"": 142, ""victim"": 54, ""genocide"": 50, ""occupation"": 46, ""human rights"": 37, ""terrorism"": 30, ""refugees"": 29, ""casualties"": 17, ""displacement"": 14, ""propaganda"": 14, ""ethnic cleansing"": 12, ""sanctions"": 12, ""war crimes"": 9, ""humanitarian aid"": 8, ""humanitarian crisis"": 7, ""disinformation"": 3, ""sovereignty"": 2, ""peace negotiations"": 2, ""aggressor"": 1, ""political consequences"": 1, ""security implications"": 1, ""international intervention"": 0, ""military strategy"": 0, ""peace talks"": 0, ""global condemnation"": 0, ""civilian impact"": 0, ""energy security"": 0, ""economic impact"": 0}","{""ceasefire"": 0.4369230769230769, ""victim"": 0.16615384615384615, ""genocide"": 0.15384615384615385, ""occupation"": 0.14153846153846153, ""human rights"": 0.11384615384615385, ""terrorism"": 0.09230769230769231, ""refugees"": 0.08923076923076922, ""casualties"": 0.052307692307692305, ""displacement"": 0.043076923076923075, ""propaganda"": 0.043076923076923075}",Metro
Ukraine,726,"{""sanctions"": 187, ""refugees"": 151, ""victim"": 94, ""war crimes"": 82, ""casualties"": 71, ""human rights"": 68, ""propaganda"": 56, ""disinformation"": 38, ""occupation"": 35, ""ceasefire"": 31, ""sovereignty"": 31, ""genocide"": 28, ""terrorism"": 26, ""aggressor"": 21, ""peace talks"": 21, ""humanitarian aid"": 14, ""humanitarian crisis"": 12, ""displacement"": 5, ""ethnic cleansing"": 3, ""peace negotiations"": 2, ""energy security"": 2, ""political consequences"": 1, ""global condemnation"": 1, ""economic impact"": 1, ""international intervention"": 0, ""military strategy"": 0, ""civilian impact"": 0, ""security implications"": 0}","{""sanctions"": 0.25757575757575757, ""refugees"": 0.20798898071625344, ""victim"": 0.12947658402203857, ""war crimes"": 0.11294765840220386, ""casualties"": 0.09779614325068871, ""human rights"": 0.09366391184573003, ""propaganda"": 0.07713498622589532, ""disinformation"": 0.05234159779614325, ""occupation"": 0.048209366391184574, ""ceasefire"": 0.04269972451790634}",Metro
Gaza and the Occupied Palestinian Territories,408,"{""ceasefire"": 644, ""humanitarian aid"": 164, ""refugees"": 132, ""casualties"": 124, ""occupation"": 107, ""genocide"": 95, ""victim"": 94, ""human rights"": 68, ""humanitarian crisis"": 52, ""displacement"": 51, ""terrorism"": 49, ""sanctions"": 40, ""war crimes"": 39, ""ethnic cleansing"": 18, ""propaganda"": 16, ""sovereignty"": 10, ""peace talks"": 9, ""disinformation"": 9, ""economic impact"": 4, ""aggressor"": 3, ""military strategy"": 2, ""energy security"": 2, ""international intervention"": 1, ""peace negotiations"": 1, ""political consequences"": 0, ""global condemnation"": 0, ""civilian impact"": 0, ""security implications"": 0}","{""ceasefire"": 1.5784313725490196, ""humanitarian aid"": 0.4019607843137255, ""refugees"": 0.3235294117647059, ""casualties"": 0.30392156862745096, ""occupation"": 0.2622549019607843, ""genocide"": 0.23284313725490197, ""victim"": 0.23039215686274508, ""human rights"": 0.16666666666666666, ""humanitarian crisis"": 0.12745098039215685, ""displacement"": 0.125}",The Globe and Mail
Ukraine,79,"{""sanctions"": 356, ""refugees"": 85, ""war crimes"": 35, ""ceasefire"": 24, ""genocide"": 22, ""human rights"": 21, ""disinformation"": 21, ""casualties"": 18, ""propaganda"": 14, ""victim"": 13, ""sovereignty"": 10, ""humanitarian aid"": 10, ""aggressor"": 9, ""occupation"": 7, ""energy security"": 7, ""humanitarian crisis"": 6, ""displacement"": 5, ""peace talks"": 4, ""terrorism"": 3, ""economic impact"": 3, ""peace negotiations"": 1, ""international intervention"": 0, ""military strategy"": 0, ""political consequences"": 0, ""global condemnation"": 0, ""civilian impact"": 0, ""ethnic cleansing"": 0, ""security implications"": 0}","{""sanctions"": 4.506329113924051, ""refugees"": 1.0759493670886076, ""war crimes"": 0.4430379746835443, ""ceasefire"": 0.3037974683544304, ""genocide"": 0.27848101265822783, ""human rights"": 0.26582278481012656, ""disinformation"": 0.26582278481012656, ""casualties"": 0.22784810126582278, ""propaganda"": 0.17721518987341772, ""victim"": 0.16455696202531644}",The Globe and Mail
Gaza and the Occupied Palestinian Territories,313,"{""ceasefire"": 185, ""victim"": 55, ""humanitarian aid"": 34, ""casualties"": 26, ""human rights"": 19, ""genocide"": 19, ""occupation"": 19, ""war crimes"": 16, ""terrorism"": 11, ""humanitarian crisis"": 10, ""refugees"": 8, ""displacement"": 8, ""ethnic cleansing"": 8, ""sanctions"": 8, ""propaganda"": 5, ""disinformation"": 2, ""sovereignty"": 1, ""aggressor"": 0, ""international intervention"": 0, ""military strategy"": 0, ""political consequences"": 0, ""peace talks"": 0, ""peace negotiations"": 0, ""global condemnation"": 0, ""civilian impact"": 0, ""security implications"": 0, ""energy security"": 0, ""economic impact"": 0}","{""ceasefire"": 0.5910543130990416, ""victim"": 0.1757188498402556, ""humanitarian aid"": 0.10862619808306709, ""casualties"": 0.08306709265175719, ""human rights"": 0.06070287539936102, ""genocide"": 0.06070287539936102, ""occupation"": 0.06070287539936102, ""war crimes"": 0.051118210862619806, ""terrorism"": 0.03514376996805112, ""humanitarian crisis"": 0.03194888178913738}",Mirror
Ukraine,223,"{""refugees"": 52, ""sanctions"": 49, ""victim"": 21, ""war crimes"": 13, ""propaganda"": 13, ""casualties"": 9, ""human rights"": 7, ""occupation"": 7, ""genocide"": 6, ""terrorism"": 5, ""ceasefire"": 4, ""humanitarian crisis"": 3, ""aggressor"": 3, ""peace talks"": 3, ""displacement"": 3, ""sovereignty"": 3, ""peace negotiations"": 2, ""disinformation"": 2, ""international intervention"": 0, ""military strategy"": 0, ""political consequences"": 0, ""global condemnation"": 0, ""civilian impact"": 0, ""ethnic cleansing"": 0, ""humanitarian aid"": 0, ""security implications"": 0, ""energy security"": 0, ""economic impact"": 0}","{""refugees"": 0.23318385650224216, ""sanctions"": 0.21973094170403587, ""victim"": 0.09417040358744394, ""war crimes"": 0.05829596412556054, ""propaganda"": 0.05829596412556054, ""casualties"": 0.04035874439461883, ""human rights"": 0.03139013452914798, ""occupation"": 0.03139013452914798, ""genocide"": 0.026905829596412557, ""terrorism"": 0.02242152466367713}",Mirror
Gaza and the Occupied Palestinian Territories,279,"{""ceasefire"": 136, ""genocide"": 58, ""victim"": 47, ""refugees"": 39, ""war crimes"": 35, ""human rights"": 33, ""humanitarian aid"": 31, ""casualties"": 30, ""terrorism"": 25, ""occupation"": 20, ""sanctions"": 17, ""propaganda"": 16, ""humanitarian crisis"": 13, ""displacement"": 9, ""ethnic cleansing"": 8, ""sovereignty"": 4, ""peace talks"": 2, ""disinformation"": 2, ""economic impact"": 2, ""aggressor"": 0, ""international intervention"": 0, ""military strategy"": 0, ""political consequences"": 0, ""peace negotiations"": 0, ""global condemnation"": 0, ""civilian impact"": 0, ""security implications"": 0, ""energy security"": 0}","{""ceasefire"": 0.4874551971326165, ""genocide"": 0.2078853046594982, ""victim"": 0.16845878136200718, ""refugees"": 0.13978494623655913, ""war crimes"": 0.12544802867383512, ""human rights"": 0.11827956989247312, ""humanitarian aid"": 0.1111111111111111, ""casualties"": 0.10752688172043011, ""terrorism"": 0.08960573476702509, ""occupation"": 0.07168458781362007}",Daily Express
Ukraine,200,"{""sanctions"": 182, ""war crimes"": 67, ""casualties"": 51, ""refugees"": 51, ""ceasefire"": 33, ""propaganda"": 33, ""human rights"": 31, ""occupation"": 31, ""genocide"": 28, ""peace talks"": 22, ""terrorism"": 20, ""sovereignty"": 18, ""victim"": 16, ""humanitarian aid"": 15, ""disinformation"": 14, ""aggressor"": 9, ""humanitarian crisis"": 5, ""energy security"": 5, ""peace negotiations"": 2, ""military strategy"": 1, ""displacement"": 1, ""global condemnation"": 1, ""ethnic cleansing"": 1, ""international intervention"": 0, ""political consequences"": 0, ""civilian impact"": 0, ""security implications"": 0, ""economic impact"": 0}","{""sanctions"": 0.91, ""war crimes"": 0.335, ""casualties"": 0.255, ""refugees"": 0.255, ""ceasefire"": 0.165, ""propaganda"": 0.165, ""human rights"": 0.155, ""occupation"": 0.155, ""genocide"": 0.14, ""peace talks"": 0.11}",Daily Express
Gaza and the Occupied Palestinian Territories,640,"{""ceasefire"": 665, ""terrorism"": 209, ""victim"": 198, ""casualties"": 148, ""genocide"": 142, ""refugees"": 138, ""humanitarian aid"": 134, ""human rights"": 133, ""sanctions"": 92, ""occupation"": 80, ""propaganda"": 61, ""war crimes"": 57, ""humanitarian crisis"": 48, ""displacement"": 36, ""disinformation"": 21, ""peace talks"": 18, ""sovereignty"": 15, ""ethnic cleansing"": 11, ""aggressor"": 9, ""energy security"": 8, ""peace negotiations"": 4, ""civilian impact"": 2, ""military strategy"": 1, ""political consequences"": 1, ""economic impact"": 1, ""international intervention"": 0, ""global condemnation"": 0, ""security implications"": 0}","{""ceasefire"": 1.0390625, ""terrorism"": 0.3265625, ""victim"": 0.309375, ""casualties"": 0.23125, ""genocide"": 0.221875, ""refugees"": 0.215625, ""humanitarian aid"": 0.209375, ""human rights"": 0.2078125, ""sanctions"": 0.14375, ""occupation"": 0.125}",The Telegraph
Ukraine,822,"{""sanctions"": 537, ""refugees"": 242, ""victim"": 174, ""casualties"": 165, ""ceasefire"": 141, ""war crimes"": 117, ""human rights"": 105, ""propaganda"": 93, ""occupation"": 93, ""terrorism"": 67, ""humanitarian aid"": 66, ""peace talks"": 64, ""sovereignty"": 51, ""genocide"": 40, ""aggressor"": 34, ""disinformation"": 22, ""displacement"": 17, ""humanitarian crisis"": 15, ""economic impact"": 12, ""energy security"": 9, ""peace negotiations"": 8, ""military strategy"": 3, ""civilian impact"": 2, ""ethnic cleansing"": 2, ""political consequences"": 1, ""international intervention"": 0, ""global condemnation"": 0, ""security implications"": 0}","{""sanctions"": 0.6532846715328468, ""refugees"": 0.2944038929440389, ""victim"": 0.2116788321167883, ""casualties"": 0.20072992700729927, ""ceasefire"": 0.17153284671532848, ""war crimes"": 0.14233576642335766, ""human rights"": 0.12773722627737227, ""propaganda"": 0.11313868613138686, ""occupation"": 0.11313868613138686, ""terrorism"": 0.08150851581508516}",The Telegraph
Gaza and the Occupied Palestinian Territories,432,"{""ceasefire"": 336, ""victim"": 96, ""terrorism"": 65, ""humanitarian aid"": 62, ""genocide"": 58, ""casualties"": 40, ""human rights"": 36, ""war crimes"": 36, ""occupation"": 35, ""sanctions"": 34, ""refugees"": 30, ""ethnic cleansing"": 18, ""humanitarian crisis"": 16, ""displacement"": 8, ""propaganda"": 5, ""peace talks"": 2, ""disinformation"": 1, ""security implications"": 1, ""energy security"": 1, ""aggressor"": 0, ""international intervention"": 0, ""military strategy"": 0, ""political consequences"": 0, ""sovereignty"": 0, ""peace negotiations"": 0, ""global condemnation"": 0, ""civilian impact"": 0, ""economic impact"": 0}","{""ceasefire"": 0.7777777777777778, ""victim"": 0.2222222222222222, ""terrorism"": 0.15046296296296297, ""humanitarian aid"": 0.14351851851851852, ""genocide"": 0.13425925925925927, ""casualties"": 0.09259259259259259, ""human rights"": 0.08333333333333333, ""war crimes"": 0.08333333333333333, ""occupation"": 0.08101851851851852, ""sanctions"": 0.0787037037037037}",The Evening Standard
Ukraine,223,"{""sanctions"": 113, ""refugees"": 102, ""casualties"": 24, ""propaganda"": 22, ""human rights"": 19, ""disinformation"": 15, ""humanitarian aid"": 11, ""victim"": 10, ""war crimes"": 8, ""sovereignty"": 7, ""ceasefire"": 6, ""terrorism"": 6, ""occupation"": 5, ""energy security"": 5, ""humanitarian crisis"": 4, ""peace talks"": 4, ""displacement"": 4, ""aggressor"": 3, ""genocide"": 2, ""military strategy"": 1, ""international intervention"": 0, ""political consequences"": 0, ""peace negotiations"": 0, ""global condemnation"": 0, ""civilian impact"": 0, ""ethnic cleansing"": 0, ""security implications"": 0, ""economic impact"": 0}","{""sanctions"": 0.5067264573991032, ""refugees"": 0.45739910313901344, ""casualties"": 0.10762331838565023, ""propaganda"": 0.09865470852017937, ""human rights"": 0.08520179372197309, ""disinformation"": 0.06726457399103139, ""humanitarian aid"": 0.04932735426008968, ""victim"": 0.04484304932735426, ""war crimes"": 0.03587443946188341, ""sovereignty"": 0.03139013452914798}",The Evening Standard
Gaza and the Occupied Palestinian Territories,1007,"{""ceasefire"": 705, ""humanitarian aid"": 536, ""genocide"": 403, ""human rights"": 330, ""casualties"": 316, ""occupation"": 296, ""refugees"": 269, ""victim"": 258, ""terrorism"": 187, ""humanitarian crisis"": 156, ""displacement"": 132, ""sanctions"": 118, ""war crimes"": 101, ""sovereignty"": 61, ""propaganda"": 35, ""ethnic cleansing"": 22, ""peace talks"": 18, ""disinformation"": 16, ""aggressor"": 13, ""military strategy"": 8, ""economic impact"": 3, ""international intervention"": 2, ""peace negotiations"": 2, ""global condemnation"": 2, ""political consequences"": 1, ""civilian impact"": 0, ""security implications"": 0, ""energy security"": 0}","{""ceasefire"": 0.7000993048659384, ""humanitarian aid"": 0.5322740814299901, ""genocide"": 0.4001986097318769, ""human rights"": 0.32770605759682225, ""casualties"": 0.3138033763654419, ""occupation"": 0.2939424031777557, ""refugees"": 0.2671300893743793, ""victim"": 0.25620655412115195, ""terrorism"": 0.18570009930486595, ""humanitarian crisis"": 0.15491559086395235}",NBC News
Ukraine,614,"{""sanctions"": 621, ""refugees"": 161, ""human rights"": 159, ""war crimes"": 148, ""casualties"": 127, ""humanitarian aid"": 113, ""genocide"": 102, ""victim"": 91, ""occupation"": 70, ""propaganda"": 64, ""disinformation"": 61, ""peace talks"": 52, ""sovereignty"": 44, ""terrorism"": 43, ""humanitarian crisis"": 36, ""aggressor"": 29, ""ceasefire"": 28, ""displacement"": 18, ""energy security"": 7, ""peace negotiations"": 6, ""global condemnation"": 4, ""military strategy"": 3, ""economic impact"": 2, ""international intervention"": 1, ""political consequences"": 1, ""ethnic cleansing"": 1, ""civilian impact"": 0, ""security implications"": 0}","{""sanctions"": 1.011400651465798, ""refugees"": 0.26221498371335505, ""human rights"": 0.25895765472312704, ""war crimes"": 0.24104234527687296, ""casualties"": 0.20684039087947884, ""humanitarian aid"": 0.18403908794788273, ""genocide"": 0.16612377850162866, ""victim"": 0.1482084690553746, ""occupation"": 0.11400651465798045, ""propaganda"": 0.10423452768729642}",NBC News
Gaza and the Occupied Palestinian Territories,883,"{""ceasefire"": 304, ""victim"": 95, ""genocide"": 89, ""casualties"": 72, ""humanitarian aid"": 65, ""refugees"": 58, ""terrorism"": 57, ""human rights"": 43, ""occupation"": 42, ""humanitarian crisis"": 33, ""displacement"": 23, ""war crimes"": 20, ""propaganda"": 19, ""sanctions"": 11, ""ethnic cleansing"": 8, ""disinformation"": 7, ""military strategy"": 4, ""peace talks"": 3, ""sovereignty"": 3, ""security implications"": 1, ""aggressor"": 0, ""international intervention"": 0, ""political consequences"": 0, ""peace negotiations"": 0, ""global condemnation"": 0, ""civilian impact"": 0, ""energy security"": 0, ""economic impact"": 0}","{""ceasefire"": 0.34428086070215175, ""victim"": 0.10758776896942242, ""genocide"": 0.10079275198187995, ""casualties"": 0.08154020385050963, ""humanitarian aid"": 0.07361268403171008, ""refugees"": 0.06568516421291053, ""terrorism"": 0.06455266138165346, ""human rights"": 0.04869762174405436, ""occupation"": 0.04756511891279728, ""humanitarian crisis"": 0.03737259343148358}",CBS News
Ukraine,677,"{""sanctions"": 124, ""refugees"": 119, ""human rights"": 46, ""casualties"": 41, ""victim"": 35, ""ceasefire"": 35, ""war crimes"": 34, ""sovereignty"": 26, ""terrorism"": 26, ""genocide"": 25, ""disinformation"": 25, ""propaganda"": 24, ""humanitarian aid"": 23, ""occupation"": 13, ""humanitarian crisis"": 12, ""displacement"": 11, ""aggressor"": 10, ""peace talks"": 5, ""economic impact"": 3, ""political consequences"": 1, ""peace negotiations"": 1, ""ethnic cleansing"": 1, ""energy security"": 1, ""international intervention"": 0, ""military strategy"": 0, ""global condemnation"": 0, ""civilian impact"": 0, ""security implications"": 0}","{""sanctions"": 0.1831610044313146, ""refugees"": 0.1757754800590842, ""human rights"": 0.06794682422451995, ""casualties"": 0.060561299852289516, ""victim"": 0.051698670605613, ""ceasefire"": 0.051698670605613, ""war crimes"": 0.050221565731166914, ""sovereignty"": 0.03840472673559823, ""terrorism"": 0.03840472673559823, ""genocide"": 0.03692762186115214}",CBS News
Gaza and the Occupied Palestinian Territories,1078,"{""ceasefire"": 646, ""victim"": 112, ""humanitarian aid"": 84, ""casualties"": 79, ""human rights"": 74, ""terrorism"": 66, ""humanitarian crisis"": 52, ""occupation"": 51, ""genocide"": 50, ""propaganda"": 41, ""refugees"": 40, ""war crimes"": 29, ""peace talks"": 26, ""displacement"": 21, ""sanctions"": 11, ""disinformation"": 3, ""ethnic cleansing"": 3, ""military strategy"": 2, ""sovereignty"": 2, ""peace negotiations"": 2, ""aggressor"": 1, ""international intervention"": 1, ""global condemnation"": 1, ""energy security"": 1, ""economic impact"": 1, ""political consequences"": 0, ""civilian impact"": 0, ""security implications"": 0}","{""ceasefire"": 0.5992578849721707, ""victim"": 0.1038961038961039, ""humanitarian aid"": 0.07792207792207792, ""casualties"": 0.07328385899814471, ""human rights"": 0.0686456400742115, ""terrorism"": 0.061224489795918366, ""humanitarian crisis"": 0.04823747680890538, ""occupation"": 0.04730983302411874, ""genocide"": 0.04638218923933209, ""propaganda"": 0.038033395176252316}",Sky News
Ukraine,989,"{""ceasefire"": 763, ""sanctions"": 440, ""sovereignty"": 345, ""war crimes"": 153, ""refugees"": 150, ""casualties"": 78, ""victim"": 66, ""peace talks"": 62, ""genocide"": 50, ""human rights"": 44, ""propaganda"": 36, ""occupation"": 31, ""aggressor"": 27, ""disinformation"": 26, ""humanitarian aid"": 21, ""terrorism"": 20, ""humanitarian crisis"": 10, ""peace negotiations"": 6, ""displacement"": 5, ""energy security"": 4, ""economic impact"": 3, ""military strategy"": 2, ""global condemnation"": 1, ""ethnic cleansing"": 1, ""international intervention"": 0, ""political consequences"": 0, ""civilian impact"": 0, ""security implications"": 0}","{""ceasefire"": 0.7714863498483316, ""sanctions"": 0.4448938321536906, ""sovereignty"": 0.3488372093023256, ""war crimes"": 0.15470171890798787, ""refugees"": 0.15166835187057634, ""casualties"": 0.0788675429726997, ""victim"": 0.06673407482305359, ""peace talks"": 0.06268958543983821, ""genocide"": 0.05055611729019211, ""human rights"": 0.044489383215369056}",Sky News
Gaza and the Occupied Palestinian Territories,955,"{""victim"": 236, ""genocide"": 212, ""terrorism"": 194, ""ceasefire"": 187, ""occupation"": 123, ""casualties"": 93, ""propaganda"": 81, ""refugees"": 73, ""humanitarian aid"": 69, ""human rights"": 66, ""sanctions"": 62, ""war crimes"": 48, ""humanitarian crisis"": 24, ""ethnic cleansing"": 21, ""displacement"": 19, ""sovereignty"": 8, ""disinformation"": 8, ""peace talks"": 5, ""aggressor"": 4, ""international intervention"": 0, ""military strategy"": 0, ""political consequences"": 0, ""peace negotiations"": 0, ""global condemnation"": 0, ""civilian impact"": 0, ""security implications"": 0, ""energy security"": 0, ""economic impact"": 0}","{""victim"": 0.24712041884816754, ""genocide"": 0.22198952879581152, ""terrorism"": 0.2031413612565445, ""ceasefire"": 0.19581151832460733, ""occupation"": 0.12879581151832462, ""casualties"": 0.09738219895287958, ""propaganda"": 0.08481675392670157, ""refugees"": 0.07643979057591622, ""humanitarian aid"": 0.07225130890052356, ""human rights"": 0.06910994764397906}",New York Post
Ukraine,569,"{""sanctions"": 253, ""refugees"": 77, ""casualties"": 70, ""human rights"": 59, ""victim"": 52, ""war crimes"": 47, ""propaganda"": 41, ""genocide"": 31, ""peace talks"": 22, ""ceasefire"": 21, ""aggressor"": 18, ""humanitarian aid"": 18, ""occupation"": 18, ""humanitarian crisis"": 14, ""sovereignty"": 14, ""terrorism"": 9, ""disinformation"": 8, ""peace negotiations"": 2, ""military strategy"": 1, ""displacement"": 1, ""economic impact"": 1, ""international intervention"": 0, ""political consequences"": 0, ""global condemnation"": 0, ""civilian impact"": 0, ""ethnic cleansing"": 0, ""security implications"": 0, ""energy security"": 0}","{""sanctions"": 0.4446397188049209, ""refugees"": 0.13532513181019332, ""casualties"": 0.12302284710017575, ""human rights"": 0.10369068541300527, ""victim"": 0.0913884007029877, ""war crimes"": 0.08260105448154657, ""propaganda"": 0.07205623901581722, ""genocide"": 0.054481546572934976, ""peace talks"": 0.03866432337434095, ""ceasefire"": 0.03690685413005272}",New York Post
Gaza and the Occupied Palestinian Territories,873,"{""ceasefire"": 1044, ""humanitarian aid"": 187, ""refugees"": 142, ""human rights"": 139, ""casualties"": 131, ""terrorism"": 115, ""victim"": 112, ""genocide"": 107, ""occupation"": 102, ""war crimes"": 98, ""humanitarian crisis"": 69, ""displacement"": 68, ""sanctions"": 58, ""ethnic cleansing"": 23, ""propaganda"": 19, ""sovereignty"": 17, ""disinformation"": 14, ""peace negotiations"": 9, ""military strategy"": 4, ""peace talks"": 4, ""economic impact"": 3, ""aggressor"": 2, ""energy security"": 2, ""security implications"": 1, ""international intervention"": 0, ""political consequences"": 0, ""global condemnation"": 0, ""civilian impact"": 0}","{""ceasefire"": 1.1958762886597938, ""humanitarian aid"": 0.21420389461626574, ""refugees"": 0.16265750286368844, ""human rights"": 0.15922107674684993, ""casualties"": 0.15005727376861397, ""terrorism"": 0.13172966781214204, ""victim"": 0.12829324169530354, ""genocide"": 0.12256586483390607, ""occupation"": 0.11683848797250859, ""war crimes"": 0.11225658648339061}",The Independent
Ukraine,749,"{""refugees"": 298, ""sanctions"": 292, ""casualties"": 153, ""human rights"": 122, ""war crimes"": 110, ""propaganda"": 93, ""victim"": 69, ""occupation"": 67, ""disinformation"": 58, ""genocide"": 46, ""humanitarian aid"": 42, ""ceasefire"": 41, ""sovereignty"": 39, ""terrorism"": 26, ""peace talks"": 25, ""aggressor"": 22, ""humanitarian crisis"": 15, ""displacement"": 15, ""economic impact"": 6, ""military strategy"": 5, ""peace negotiations"": 4, ""political consequences"": 2, ""ethnic cleansing"": 2, ""international intervention"": 1, ""energy security"": 1, ""global condemnation"": 0, ""civilian impact"": 0, ""security implications"": 0}","{""refugees"": 0.3978638184245661, ""sanctions"": 0.38985313751668893, ""casualties"": 0.20427236315086783, ""human rights"": 0.1628838451268358, ""war crimes"": 0.14686248331108145, ""propaganda"": 0.12416555407209613, ""victim"": 0.09212283044058744, ""occupation"": 0.08945260347129506, ""disinformation"": 0.0774365821094793, ""genocide"": 0.06141522029372497}",The Independent
Gaza and the Occupied Palestinian Territories,935,"{""ceasefire"": 1197, ""humanitarian aid"": 504, ""casualties"": 374, ""genocide"": 362, ""refugees"": 332, ""human rights"": 319, ""occupation"": 213, ""sanctions"": 169, ""victim"": 164, ""war crimes"": 157, ""displacement"": 139, ""humanitarian crisis"": 129, ""terrorism"": 114, ""sovereignty"": 42, ""ethnic cleansing"": 25, ""propaganda"": 24, ""disinformation"": 17, ""peace talks"": 15, ""aggressor"": 5, ""military strategy"": 4, ""economic impact"": 3, ""peace negotiations"": 2, ""international intervention"": 1, ""civilian impact"": 1, ""security implications"": 1, ""energy security"": 1, ""political consequences"": 0, ""global condemnation"": 0}","{""ceasefire"": 1.2802139037433156, ""humanitarian aid"": 0.5390374331550802, ""casualties"": 0.4, ""genocide"": 0.3871657754010695, ""refugees"": 0.35508021390374334, ""human rights"": 0.3411764705882353, ""occupation"": 0.22780748663101605, ""sanctions"": 0.18074866310160428, ""victim"": 0.1754010695187166, ""war crimes"": 0.1679144385026738}",AP News
Ukraine,261,"{""sanctions"": 131, ""ceasefire"": 89, ""human rights"": 78, ""refugees"": 68, ""victim"": 61, ""casualties"": 42, ""humanitarian aid"": 35, ""war crimes"": 27, ""disinformation"": 26, ""genocide"": 24, ""propaganda"": 18, ""terrorism"": 17, ""occupation"": 16, ""sovereignty"": 13, ""displacement"": 9, ""humanitarian crisis"": 5, ""peace talks"": 4, ""aggressor"": 3, ""political consequences"": 2, ""energy security"": 2, ""international intervention"": 0, ""military strategy"": 0, ""peace negotiations"": 0, ""global condemnation"": 0, ""civilian impact"": 0, ""ethnic cleansing"": 0, ""security implications"": 0, ""economic impact"": 0}","{""sanctions"": 0.5019157088122606, ""ceasefire"": 0.34099616858237547, ""human rights"": 0.2988505747126437, ""refugees"": 0.26053639846743293, ""victim"": 0.23371647509578544, ""casualties"": 0.16091954022988506, ""humanitarian aid"": 0.13409961685823754, ""war crimes"": 0.10344827586206896, ""disinformation"": 0.09961685823754789, ""genocide"": 0.09195402298850575}",AP News
Gaza and the Occupied Palestinian Territories,941,"{""ceasefire"": 709, ""humanitarian aid"": 456, ""displacement"": 302, ""casualties"": 265, ""human rights"": 239, ""refugees"": 206, ""occupation"": 171, ""victim"": 148, ""terrorism"": 139, ""genocide"": 110, ""humanitarian crisis"": 96, ""war crimes"": 88, ""sanctions"": 81, ""propaganda"": 39, ""ethnic cleansing"": 25, ""sovereignty"": 24, ""disinformation"": 23, ""peace talks"": 8, ""aggressor"": 6, ""military strategy"": 6, ""global condemnation"": 6, ""peace negotiations"": 4, ""political consequences"": 3, ""international intervention"": 1, ""civilian impact"": 0, ""security implications"": 0, ""energy security"": 0, ""economic impact"": 0}","{""ceasefire"": 0.7534537725823592, ""humanitarian aid"": 0.48459086078639746, ""displacement"": 0.32093517534537724, ""casualties"": 0.281615302869288, ""human rights"": 0.25398512221041447, ""refugees"": 0.21891604675876727, ""occupation"": 0.18172157279489903, ""victim"": 0.15727948990435706, ""terrorism"": 0.14771519659936239, ""genocide"": 0.11689691817215728}",Washington Post
Ukraine,746,"{""sanctions"": 978, ""refugees"": 247, ""human rights"": 193, ""propaganda"": 142, ""casualties"": 134, ""victim"": 126, ""war crimes"": 108, ""occupation"": 90, ""sovereignty"": 89, ""disinformation"": 85, ""genocide"": 84, ""humanitarian aid"": 54, ""terrorism"": 47, ""aggressor"": 25, ""humanitarian crisis"": 20, ""displacement"": 17, ""peace talks"": 16, ""ceasefire"": 10, ""ethnic cleansing"": 6, ""energy security"": 6, ""military strategy"": 4, ""political consequences"": 4, ""peace negotiations"": 2, ""international intervention"": 0, ""global condemnation"": 0, ""civilian impact"": 0, ""security implications"": 0, ""economic impact"": 0}","{""sanctions"": 1.3109919571045576, ""refugees"": 0.33109919571045576, ""human rights"": 0.2587131367292225, ""propaganda"": 0.1903485254691689, ""casualties"": 0.17962466487935658, ""victim"": 0.16890080428954424, ""war crimes"": 0.1447721179624665, ""occupation"": 0.12064343163538874, ""sovereignty"": 0.1193029490616622, ""disinformation"": 0.11394101876675604}",Washington Post
Gaza and the Occupied Palestinian Territories,915,"{""ceasefire"": 1405, ""victim"": 389, ""terrorism"": 319, ""casualties"": 314, ""occupation"": 267, ""genocide"": 265, ""humanitarian aid"": 248, ""human rights"": 237, ""refugees"": 189, ""war crimes"": 165, ""humanitarian crisis"": 120, ""displacement"": 109, ""sanctions"": 80, ""propaganda"": 60, ""ethnic cleansing"": 35, ""sovereignty"": 22, ""disinformation"": 18, ""peace talks"": 11, ""aggressor"": 8, ""peace negotiations"": 4, ""military strategy"": 3, ""energy security"": 2, ""international intervention"": 1, ""political consequences"": 1, ""global condemnation"": 1, ""civilian impact"": 0, ""security implications"": 0, ""economic impact"": 0}","{""ceasefire"": 1.53551912568306, ""victim"": 0.42513661202185793, ""terrorism"": 0.34863387978142074, ""casualties"": 0.34316939890710385, ""occupation"": 0.29180327868852457, ""genocide"": 0.2896174863387978, ""humanitarian aid"": 0.2710382513661202, ""human rights"": 0.25901639344262295, ""refugees"": 0.20655737704918034, ""war crimes"": 0.18032786885245902}",Mail Online
Ukraine,1008,"{""sanctions"": 1507, ""refugees"": 583, ""casualties"": 421, ""ceasefire"": 307, ""victim"": 301, ""war crimes"": 285, ""human rights"": 255, ""propaganda"": 219, ""genocide"": 175, ""occupation"": 118, ""sovereignty"": 117, ""humanitarian aid"": 113, ""peace talks"": 110, ""terrorism"": 96, ""aggressor"": 89, ""disinformation"": 77, ""humanitarian crisis"": 67, ""displacement"": 25, ""ethnic cleansing"": 13, ""peace negotiations"": 11, ""military strategy"": 5, ""economic impact"": 5, ""political consequences"": 4, ""energy security"": 4, ""international intervention"": 0, ""global condemnation"": 0, ""civilian impact"": 0, ""security implications"": 0}","{""sanctions"": 1.4950396825396826, ""refugees"": 0.5783730158730159, ""casualties"": 0.4176587301587302, ""ceasefire"": 0.30456349206349204, ""victim"": 0.2986111111111111, ""war crimes"": 0.28273809523809523, ""human rights"": 0.25297619047619047, ""propaganda"": 0.21726190476190477, ""genocide"": 0.1736111111111111, ""occupation"": 0.11706349206349206}",Mail Online
Gaza and the Occupied Palestinian Territories,1381,"{""genocide"": 587, ""casualties"": 521, ""humanitarian aid"": 500, ""human rights"": 477, ""refugees"": 436, ""occupation"": 383, ""terrorism"": 355, ""victim"": 328, ""displacement"": 228, ""humanitarian crisis"": 214, ""war crimes"": 189, ""sanctions"": 183, ""propaganda"": 64, ""sovereignty"": 54, ""ethnic cleansing"": 53, ""ceasefire"": 44, ""peace talks"": 38, ""disinformation"": 26, ""military strategy"": 20, ""aggressor"": 8, ""peace negotiations"": 4, ""global condemnation"": 3, ""economic impact"": 3, ""international intervention"": 2, ""political consequences"": 2, ""civilian impact"": 1, ""security implications"": 1, ""energy security"": 0}","{""genocide"": 0.42505430847212167, ""casualties"": 0.3772628530050688, ""humanitarian aid"": 0.3620564808110065, ""human rights"": 0.3454018826937002, ""refugees"": 0.3157132512671977, ""occupation"": 0.277335264301231, ""terrorism"": 0.25706010137581464, ""victim"": 0.23750905141202028, ""displacement"": 0.16509775524981898, ""humanitarian crisis"": 0.1549601737871108}",NYT
Ukraine,1199,"{""sanctions"": 1914, ""refugees"": 660, ""casualties"": 535, ""human rights"": 436, ""occupation"": 390, ""war crimes"": 329, ""propaganda"": 283, ""victim"": 234, ""sovereignty"": 211, ""humanitarian aid"": 210, ""genocide"": 198, ""disinformation"": 136, ""peace talks"": 109, ""terrorism"": 103, ""aggressor"": 93, ""humanitarian crisis"": 91, ""displacement"": 66, ""peace negotiations"": 21, ""energy security"": 20, ""ethnic cleansing"": 18, ""military strategy"": 13, ""ceasefire"": 8, ""economic impact"": 7, ""global condemnation"": 6, ""political consequences"": 5, ""civilian impact"": 2, ""security implications"": 2, ""international intervention"": 1}","{""sanctions"": 1.5963302752293578, ""refugees"": 0.5504587155963303, ""casualties"": 0.4462051709758132, ""human rights"": 0.36363636363636365, ""occupation"": 0.32527105921601335, ""war crimes"": 0.274395329441201, ""propaganda"": 0.23603002502085071, ""victim"": 0.195162635529608, ""sovereignty"": 0.17597998331943285, ""humanitarian aid"": 0.17514595496246874}",NYT
Gaza and the Occupied Palestinian Territories,833,"{""ceasefire"": 947, ""casualties"": 185, ""victim"": 164, ""humanitarian aid"": 156, ""human rights"": 152, ""genocide"": 140, ""refugees"": 138, ""war crimes"": 95, ""occupation"": 84, ""displacement"": 83, ""terrorism"": 69, ""humanitarian crisis"": 45, ""sanctions"": 29, ""sovereignty"": 22, ""peace talks"": 21, ""ethnic cleansing"": 21, ""propaganda"": 14, ""disinformation"": 13, ""aggressor"": 1, ""international intervention"": 1, ""military strategy"": 1, ""peace negotiations"": 1, ""global condemnation"": 1, ""security implications"": 1, ""political consequences"": 0, ""civilian impact"": 0, ""energy security"": 0, ""economic impact"": 0}","{""ceasefire"": 1.1368547418967587, ""casualties"": 0.22208883553421369, ""victim"": 0.19687875150060025, ""humanitarian aid"": 0.1872749099639856, ""human rights"": 0.18247298919567828, ""genocide"": 0.16806722689075632, ""refugees"": 0.16566626650660263, ""war crimes"": 0.11404561824729892, ""occupation"": 0.10084033613445378, ""displacement"": 0.09963985594237695}",BBC
Ukraine,443,"{""sanctions"": 260, ""refugees"": 196, ""victim"": 79, ""war crimes"": 77, ""human rights"": 65, ""ceasefire"": 60, ""casualties"": 57, ""occupation"": 39, ""propaganda"": 34, ""peace talks"": 33, ""genocide"": 26, ""aggressor"": 20, ""sovereignty"": 19, ""humanitarian aid"": 19, ""humanitarian crisis"": 11, ""disinformation"": 11, ""terrorism"": 10, ""peace negotiations"": 5, ""political consequences"": 3, ""ethnic cleansing"": 2, ""economic impact"": 2, ""military strategy"": 1, ""displacement"": 1, ""security implications"": 1, ""energy security"": 1, ""international intervention"": 0, ""global condemnation"": 0, ""civilian impact"": 0}","{""sanctions"": 0.5869074492099323, ""refugees"": 0.44243792325056436, ""victim"": 0.17832957110609482, ""war crimes"": 0.17381489841986456, ""human rights"": 0.14672686230248308, ""ceasefire"": 0.13544018058690746, ""casualties"": 0.12866817155756208, ""occupation"": 0.08803611738148984, ""propaganda"": 0.07674943566591422, ""peace talks"": 0.0744920993227991}",BBC
Gaza and the Occupied Palestinian Territories,22671,"{""ceasefire"": 22626, ""humanitarian aid"": 6302, ""genocide"": 5472, ""human rights"": 5370, ""casualties"": 5001, ""refugees"": 4793, ""victim"": 4648, ""occupation"": 4133, ""terrorism"": 3567, ""war crimes"": 2483, ""displacement"": 2448, ""humanitarian crisis"": 2155, ""sanctions"": 2132, ""ethnic cleansing"": 883, ""propaganda"": 863, ""sovereignty"": 541, ""disinformation"": 382, ""peace talks"": 296, ""aggressor"": 119, ""military strategy"": 102, ""peace negotiations"": 60, ""economic impact"": 47, ""global condemnation"": 38, ""international intervention"": 28, ""energy security"": 28, ""political consequences"": 16, ""security implications"": 12, ""civilian impact"": 8}","{""ceasefire"": 0.9980150853513299, ""humanitarian aid"": 0.2779762692426448, ""genocide"": 0.24136562127828504, ""human rights"": 0.23686648140796612, ""casualties"": 0.22059018128887126, ""refugees"": 0.21141546469057387, ""victim"": 0.20501962860041462, ""occupation"": 0.18230338317674563, ""terrorism"": 0.15733756781791716, ""war crimes"": 0.10952317939217503}",All Outlets
Ukraine,16912,"{""sanctions"": 16559, ""refugees"": 6674, ""casualties"": 3840, ""war crimes"": 3607, ""human rights"": 3543, ""ceasefire"": 2998, ""victim"": 2453, ""occupation"": 1975, ""propaganda"": 1971, ""sovereignty"": 1810, ""genocide"": 1666, ""humanitarian aid"": 1551, ""disinformation"": 1154, ""peace talks"": 1076, ""terrorism"": 1032, ""aggressor"": 772, ""humanitarian crisis"": 614, ""displacement"": 430, ""energy security"": 189, ""peace negotiations"": 159, ""ethnic cleansing"": 105, ""military strategy"": 92, ""economic impact"": 78, ""global condemnation"": 47, ""political consequences"": 37, ""security implications"": 10, ""international intervention"": 5, ""civilian impact"": 4}","{""sanctions"": 0.9791272469252602, ""refugees"": 0.3946310312204352, ""casualties"": 0.22705771050141912, ""war crimes"": 0.21328051087984862, ""human rights"": 0.209496215704825, ""ceasefire"": 0.1772705771050142, ""victim"": 0.14504493850520342, ""occupation"": 0.1167809839167455, ""propaganda"": 0.11654446546830653, ""sovereignty"": 0.10702459791863765}",All Outlets
